ID,Typ,SKU,"GTIN, UPC, EAN, nebo ISBN",Jméno,Publikovaný,"Je doporučený?","Viditelnost v katalogu","Krátký popis",Popis,"Akční cena začíná dne","Akční cena končí dne","Stav daně","Daňová třída",Skladem?,Sklad,"Práh nízkého skladu","Povoleno objednávání?","Prodávat samostatně?","Hmotnost (g)","Délka (cm)","Šířka (cm)","Výška (cm)","Povolit zákaznické recenze?","Poznámka k nákupu","Akční cena","Běžná cena",Kategorie,Štítky,"Třída dopravy",Obrázky,"Limit stahování","Expirace stahování ve dnech",Nadřazené,"Seskupené produkty","Navyšovací prodej","Doplňkový prodej","Externí URL","Text tlačítka",Pozice,Značky,"Meta: zeen_overlay","Meta: zeen_source","Meta: _oembed_0ab9e013c5e7ab61b17a4f4ad78448dc","Meta: _oembed_time_0ab9e013c5e7ab61b17a4f4ad78448dc","Meta: lets_info_up_location","Meta: lets_info_up_newwindow","Meta: _wxr_import_user_slug","Meta: _lets_review_onoff","Meta: lets_live_blog_enabled","Meta: _last_editor_used_jetpack","Meta: _wp_page_template","Meta: packetery_age_verification_18_plus","Meta: _coming_soon_wc_arrival","Meta: _eael_post_view_count","Meta: _botiga_disable_header_transparent","Meta: _botiga_sidebar_layout","Meta: _skladovy_hospodar_show_sale_badge","Meta: _is_subscription","Meta: _aspi_frequency","Meta: __post_views_count","Název 1 vlastnosti","Hodnota(y) 1 vlastnosti","Vlastnost 1 viditelnost","Vlastnost 1 globální","Název 2 vlastnosti","Hodnota(y) 2 vlastnosti","Vlastnost 2 viditelnost","Vlastnost 2 globální","Meta: classic-editor-remember","Meta: _elementor_edit_mode","Meta: _elementor_template_type","Meta: _elementor_version","Meta: adp_custom_product_attribute_0","Meta: adp_custom_product_attribute_1","Meta: _enable_subscription","Meta: _elementor_data","Meta: _eael_custom_js","Meta: _wps_sfw_product","Meta: adp_custom_product_attribute_2","Meta: adp_custom_product_attribute_3","Meta: woosb_disable_auto_price","Meta: woosb_discount","Meta: woosb_discount_amount","Meta: woosb_shipping_fee","Meta: woosb_manage_stock","Meta: woosb_limit_whole_min","Meta: woosb_limit_whole_max","Meta: woosb_total_limits","Meta: woosb_total_limits_min","Meta: woosb_total_limits_max","Meta: woosb_exclude_unpurchasable","Meta: woosb_layout","Meta: woosb_custom_price","Meta: woosb_before_text","Meta: woosb_after_text","Meta: _items_is_in_stock","Meta: _mkl_product_configurator_last_updated","Meta: _mkl_pc__is_configurable","Meta: _cfb_is_bundle","Meta: _cfb_flavors","Meta: _cfb_bundle_size","Meta: woosb_ids","Meta: _oembed_dd0038dd024867edf5303fe374de7dbb","Meta: _oembed_2103d975da996d6732ed50fb0005316d","Název 3 vlastnosti","Hodnota(y) 3 vlastnosti","Vlastnost 3 viditelnost","Vlastnost 3 globální","Název 4 vlastnosti","Hodnota(y) 4 vlastnosti","Vlastnost 4 viditelnost","Vlastnost 4 globální","Meta: wps_sfw_subscription_number","Meta: wps_sfw_subscription_interval","Meta: wps_sfw_subscription_expiry_number","Meta: wps_sfw_subscription_expiry_interval","Meta: wps_sfw_subscription_initial_signup_price","Meta: wps_sfw_subscription_free_trial_number","Meta: wps_sfw_subscription_free_trial_interval","Meta: wps_learnpress_course","Meta: wps_sfw_subscription_box_price","Meta: wps_sfw_subscription_box_setup","Meta: wps_sfw_subscription_box_step_label","Meta: wps_sfw_manage_subscription_box_price","Meta: adp_custom_product_attribute_4","Meta: adp_custom_product_attribute_5","Meta: adp_custom_product_attribute_6","Meta: adp_custom_product_attribute_7","Meta: adp_custom_product_attribute_8","Meta: adp_custom_product_attribute_9","Meta: adp_custom_product_attribute_10","Meta: _is_subscription_product","Vlastnost 2 výchozí"
228,simple,maslo_cesnek,,"Směs na bylinkové máslo - Česnek",1,0,visible,"<p style=""text-align: justify;"">Intenzivní síla sušeného česneku, v kombinaci s medvědím česnekem, pažitkou a troškou sušené cibule, vytváří harmonickou chuť bylinkového másla.</p>","<p style=""text-align: justify;""><strong>Návod k použití:</strong></p>\n<p style=""text-align: justify;"">Obsah sáčku smíchej s 250g másla (není součástí balení) a nech odležet. Pokud chceš sama ochutnat, důkladně schovej před manželem. :)</p>\n<p style=""text-align: justify;""><strong>Složení výrobku:</strong></p>\n<p style=""text-align: justify;"">Sušený česnek, medvědí česnek, sušená cibule, pažitka, sůl, pepř</p>\n<p style=""text-align: justify;""><strong>Výživové údaje na 100g produktu:</strong></p>\n<p style=""text-align: justify;"">Energetická hodnota: 1110kJ / 262kcal\nTuky celkové: 1g\nNasycené mastné kyseliny: 0g\nSacharidy využitelné: 49g\nCukry celkové: 2g\nBílkoviny celkové: 14g\nSůl: 4g</p>",,,taxable,,0,0,,0,0,50,6,11,18,1,,0,89,"Směs na bylinkové máslo","česnek, cibule, máslo",,https://www.suseneprazene.cz/wp-content/uploads/2024/12/maslo_cesnek_new.jpg,,,,,,,,,0,,"rgba(255,255,255,1)",2,"<iframe title=""Nike Force Running"" src=""https://player.vimeo.com/video/162374113?h=123eb720e8&amp;dnt=1&amp;app_id=122963"" width=""1200"" height=""675"" frameborder=""0"" allow=""autoplay; fullscreen; picture-in-picture"" allowfullscreen></iframe>",1663428992,off,off,jakubsejkora,,off,classic-editor,default,0,"2021-03-22 10:08:09",798,0,,1,no,,,,,,,,,,,,,,,,,,,,,,,,,,,,,,,,,,,,,,,,,,,,,,,,,,,,,,,,,,,,,,,,,,,,,,,,,,
675,simple,maslo_rajce,,"Směs na bylinkové máslo - Rajče",1,0,visible,"<p style=""text-align: justify;"">Sušená rajčata, petrželka, pažitka a špetka soli s pepřem - to jsou jednoduché ingredience, ze kterých vykouzlíš dokonale ochucené bylinkové máslo. Samozřejmě skvěle vynikne i v dalších receptech, směsí můžeš obohatit např. krémové polévky.</p>","<p style=""text-align: justify;""><strong>Návod k použití:</strong></p>\n<p style=""text-align: justify;"">Obsah sáčku smíchej s 250g másla (není součástí balení) a nech odležet. Namaž víc bagetek, než bylo v plánu, ať se zbytečně nevracíš do kuchyně podruhé. ;)</p>\n<p style=""text-align: justify;""><strong>Složení výrobku:</strong></p>\n<p style=""text-align: justify;"">Sušená rajčata, petržel, pažitka, sušená rajčata drcená, sůl, pepř</p>\n<p style=""text-align: justify;""><strong>Výživové údaje na 100g produktu:</strong></p>\n<p style=""text-align: justify;"">Energetická hodnota: 841kJ / 200kcal\nTuky celkové: 2g\nNasycené mastné kyseliny: 1g\nSacharidy využitelné: 28g\nCukry celkové: 18g\nBílkoviny celkové: 13g\nSůl: 6g</p>",,,taxable,,1,29,,0,0,43,6,11,18,1,,0,89,"Směs na bylinkové máslo","máslo, rajče",,"https://www.suseneprazene.cz/wp-content/uploads/2025/10/maslo_rajce-1.jpg, https://www.suseneprazene.cz/wp-content/uploads/2025/10/maslo_rajce.jpg",,,,,,,,,0,,"rgba(255,255,255,1)",2,"<iframe title=""Nike Force Running"" src=""https://player.vimeo.com/video/162374113?h=123eb720e8&amp;dnt=1&amp;app_id=122963"" width=""1200"" height=""675"" frameborder=""0"" allow=""autoplay; fullscreen; picture-in-picture"" allowfullscreen></iframe>",1663428992,off,off,jakubsejkora,,off,classic-editor,default,0,"2022-09-17 15:53:04",731,0,,1,no,,,,,,,,,,,,,,,,,,,,,,,,,,,,,,,,,,,,,,,,,,,,,,,,,,,,,,,,,,,,,,,,,,,,,,,,,,
676,simple,maslo_cibule,,"Směs na bylinkové máslo - Cibule",1,0,visible,"<p style=""text-align: justify;"">Sušená cibule, pažitka, sůl a pepř. Jednoduchá kombinace provoní svou intenzivní vůní jakýkoli pokrm, kterým jej ozdobíš. Cibulové máslo je jemné, krásně voní a příjemně chutná, a to jsi jej ještě nesmíchal třeba s masem či těstovinami, nebo? Mein taktik, zkusit su-šn.</p>","<p style=""text-align: justify;""><strong>Návod k použití:</strong></p>\n<p style=""text-align: justify;"">Obsah sáčku smíchej s 250g másla (není součástí balení) a nech odležet. Aplikuj třeba na opečenou bagetku na grilu a určitě udělej o dvě várky navíc :)</p>\n<p style=""text-align: justify;""><strong>Složení výrobku:</strong></p>\n<p style=""text-align: justify;"">Sušená cibule, pažitka, sůl, pepř</p>\n<p style=""text-align: justify;""><strong>Výživové údaje na 100g produktu:</strong></p>\n<p style=""text-align: justify;"">Energetická hodnota: 1314kJ / 313kcal\nTuky celkové: 2g\nNasycené mastné kyseliny: 0g\nSacharidy využitelné: 65g\nCukry celkové: 6g\nBílkoviny celkové: 13g\nSůl: 4g</p>",,,taxable,,1,30,,0,0,48,6,11,18,1,,0,89,"Směs na bylinkové máslo","česnek, cibule, máslo",,https://www.suseneprazene.cz/wp-content/uploads/2025/10/maslo_cibule.jpg,,,,,,,,,0,,"rgba(255,255,255,1)",2,"<iframe title=""Nike Force Running"" src=""https://player.vimeo.com/video/162374113?h=123eb720e8&amp;dnt=1&amp;app_id=122963"" width=""1200"" height=""675"" frameborder=""0"" allow=""autoplay; fullscreen; picture-in-picture"" allowfullscreen></iframe>",1663428992,off,off,jakubsejkora,,off,classic-editor,default,0,"2022-09-17 17:22:37",752,0,,1,no,,,,,,,,,,,,,,,,,,,,,,,,,,,,,,,,,,,,,,,,,,,,,,,,,,,,,,,,,,,,,,,,,,,,,,,,,,
678,simple,maslo_chilli,,"Směs na bylinkové máslo - Paprika & chilli",1,0,visible,"<p style=""text-align: justify;"">Jemně nasládlá drcená paprika, chilli papričky s kayenským pepřem, petrželkou a krapet soli Tě zcela určitě dostane do kolen. Pálivé prvky vytáhnou na povrch sladkou chuť papriky, přičemž tato kombinace udělá skvělý základ pro bylinkové máslo. Směs doporučíme aplikovat třeba na maso na grilu.</p>","<p style=""text-align: justify;""><strong>Návod k použití:</strong></p>\n<p style=""text-align: justify;"">Obsah sáčku smíchej s 250g másla (není součástí balení) a nech odležet. Mléko nech stranou, pálivost je ležérní. ;)</p>\n<p style=""text-align: justify;""><strong>Složení výrobku:</strong></p>\n<p style=""text-align: justify;"">Červená paprika granulovaná, chilli papričky bez semínek, petržel, kayenský pepř, sůl, pepř</p>\n<p style=""text-align: justify;""><strong>Výživové údaje na 100g produktu:</strong></p>\n<p style=""text-align: justify;"">Energetická hodnota: 1100kJ / 262kcal\nTuky celkové: 6g\nNasycené mastné kyseliny: 1g\nSacharidy využitelné: 42g\nCukry celkové: 23g\nBílkoviny celkové: 14g\nSůl: 9g</p>",,,taxable,,1,14,,0,0,48,6,11,18,1,,0,89,"Směs na bylinkové máslo","chilli, máslo, paprika",,https://www.suseneprazene.cz/wp-content/uploads/2025/10/maslo_paprika_chilli.jpg,,,,,,,,,0,,"rgba(255,255,255,1)",2,"<iframe title=""Nike Force Running"" src=""https://player.vimeo.com/video/162374113?h=123eb720e8&amp;dnt=1&amp;app_id=122963"" width=""1200"" height=""675"" frameborder=""0"" allow=""autoplay; fullscreen; picture-in-picture"" allowfullscreen></iframe>",1663428992,off,off,jakubsejkora,,off,classic-editor,default,0,"2022-09-17 17:46:49",797,0,,1,no,,1,,,,,,,,,,,,,,,,,,,,,,,,,,,,,,,,,,,,,,,,,,,,,,,,,,,,,,,,,,,,,,,,,,,,,,,,
679,simple,maslo_repa,,"Směs na bylinkové máslo - Červená řepa",1,0,visible,"<p style=""text-align: justify;"">Červená řepa, doprovázená medvědím a klasickým česnekem, tymiánem a špetkou soli, je skvělým základem pro jedovatě červenou bylinkovou parádu. Ozvláštni svou party originálně namazanou bagetou a dej stranou standardní návyky. Červenou řepu s máslem si všichni zamilujete.</p>","<p style=""text-align: justify;""><strong>Návod k použití:</strong></p>\n<p style=""text-align: justify;"">Obsah sáčku smíchej s 250g másla (není součástí balení) a nech odležet. K červené řepě se určitě hodí kousek kozího sýra :)</p>\n<p style=""text-align: justify;""><strong>Složení výrobku:</strong></p>\n<p style=""text-align: justify;"">Červená řepa sušená, medvědí česnek, červená řepa drcená, sušený česnek, tymián, sůl, pepř</p>\n<p style=""text-align: justify;""><strong>Výživové údaje na 100g produktu:</strong></p>\n<p style=""text-align: justify;"">Energetická hodnota: 1131kJ / 269kcal\nTuky celkové: 1g\nNasycené mastné kyseliny: 0g\nSacharidy využitelné: 46g\nCukry celkové: 10g\nBílkoviny celkové: 10g\nSůl: 5g</p>",,,taxable,,0,0,,0,0,48,6,11,18,1,,0,89,"Směs na bylinkové máslo","česnek, máslo, řepa",,https://www.suseneprazene.cz/wp-content/uploads/2025/10/maslo_repa-800x1067-1.jpg,,,,,,,,,0,,"rgba(255,255,255,1)",2,"<iframe title=""Nike Force Running"" src=""https://player.vimeo.com/video/162374113?h=123eb720e8&amp;dnt=1&amp;app_id=122963"" width=""1200"" height=""675"" frameborder=""0"" allow=""autoplay; fullscreen; picture-in-picture"" allowfullscreen></iframe>",1663428992,off,off,jakubsejkora,,off,classic-editor,default,0,"2022-09-17 17:54:22",875,0,,1,no,,1,,,,,,,,,,,,,,,,,,,,,,,,,,,,,,,,,,,,,,,,,,,,,,,,,,,,,,,,,,,,,,,,,,,,,,,,
730,simple,maso_classic,,"Sušené maso - Classic 50 g",1,0,visible,"<p style=""text-align: justify;"">Americká klasika? Možná, my ale máme svůj Classic, vyladěný podle našich preferencí.</p>\n<p style=""text-align: justify;"">Naše nejoblíbenější varianta sušeného masa, plná chutí a vůní. Inspirováno americkými jerky, založené na kvalitní sójové omáčce a worchesteru, s pažitkou, pepřem a solí. Víš, že dělají sójovou omáčku bez lepku?? Já ano :)</p>\n<p style=""text-align: justify;"">V tomto balíčku najdeš okolo 160 gramů hovězího válečku před usušením, v batohu ti pak balíček zabere něco málo přes 50 gramů. ;)</p>","<p style=""text-align: justify;""><strong>Složení výrobku:</strong></p>\n<p style=""text-align: justify;"">Hovězí váleček, sójová omáčka (voda, fermentovaná SÓJA a PŠENICE – lepek odstraněn během fermentace, jedlá sůl, přírodní aroma), vinný ocet (víno, antioxidant oxid siřičitý), worchester (voda, fermentovaná SÓJA a PŠENICE – lepek odstraněn během fermentace, ocet, cukr, rajčatová šťáva z koncentrátu, jedlá sůl, jablečná šťáva z koncentrátu, přírodní aroma), sůl, pažitka, pepř</p>\n<p style=""text-align: justify;""><strong>Výživové údaje na 100g produktu:</strong></p>\n<p style=""text-align: justify;"">Energetická hodnota: 1116kJ / 264kcal\nTuky celkové: 3g\nNasycené mastné kyseliny: 2g\nSacharidy využitelné: 0g\nCukry celkové: 0g\nBílkoviny celkové: 57g\nSůl: 2g</p>",,,taxable,,0,0,,0,0,50,7,13,23,1,,0,179,"Sušené maso","sója, sušenémaso, worchester",,https://www.suseneprazene.cz/wp-content/uploads/2024/12/maso_classic.jpg,,,,,,,,,0,,"rgba(255,255,255,1)",2,,,off,off,,,off,classic-editor,default,0,"2023-06-04 08:14:50",1186,0,customizer,1,no,,1,"Složení výrobku","Hovězí váleček\, sójová omáčka (voda\, fermentovaná SÓJA a PŠENICE - lepek odstraněn během fermentace\, jedlá sůl\, přírodní aroma)\, vinný ocet (víno\, antioxidant oxid siřičitý)\, worchester (voda\, fermentovaná SÓJA a PŠENICE – lepek odstraněn během fermentace\, ocet\, cukr\, rajčatová šťáva z koncentrátu\, jedlá sůl\, jablečná šťáva z koncentrátu\, přírodní aroma)\, sůl\, pažitka\, pepř",0,0,"Výživové údaje na 100g produktu","Energetická hodnota: 1116kJ / 264kcal
Tuky celkové: 3g
Nasycené mastné kyseliny: 2g
Sacharidy využitelné: 0g
Cukry celkové: 0g
Bílkoviny celkové: 57g
Sůl: 2g",0,0,classic-editor,builder,wp-post,3.26.3,"Složení výrobku:Hovězí váleček, sójová omáčka (voda, fermentovaná SÓJA a PŠENICE - lepek odstraněn během fermentace, jedlá sůl, přírodní aroma), vinný ocet (víno, antioxidant oxid siřičitý), worchester (voda, fermentovaná SÓJA a PŠENICE – lepek odstraněn během fermentace, ocet, cukr, rajčatová šťáva z koncentrátu, jedlá sůl, jablečná šťáva z koncentrátu, přírodní aroma), sůl, pažitka, pepř","Výživové údaje na 100g produktu:Energetická hodnota: 1116kJ / 264kcal
Tuky celkové: 3g
Nasycené mastné kyseliny: 2g
Sacharidy využitelné: 0g
Cukry celkové: 0g
Bílkoviny celkové: 57g
Sůl: 2g",yes,,,,,,,,,,,,,,,,,,,,,,,,,,,,,,,,,,,,,,,,,,,,,,,,,,,,,,,,,
1056,simple,maso_cesnek,,"Sušené maso - Česnek 50 g",1,0,visible,"<p style=""text-align: justify;"">Poctivá dávka 159 gramů hovězího válečku před usušením a pořádná nálož česneku? No jestli už není balíček v nákupním košiku, zřejmě nejsi Čech ;)</p>\n<p style=""text-align: justify;"">Maso nakládáme se sušeným česnekem, medvědím česnekem, pažitkou a trochou soli, hmotnost obsahu je 50 gramů.</p>\n<p style=""text-align: justify;"">P. S. hodně česneku, málo soli ;)</p>","<p style=""text-align: justify;""><strong>Složení výrobku:</strong></p>\n<p style=""text-align: justify;"">Hovězí zadní váleček, sušený drcený česnek, vinný ocet (hroznové víno, antioxidant E220 - oxid siřičitý), sůl, pažitka, medvědí česnek</p>\n<p style=""text-align: justify;""><strong>Výživové údaje na 100g produktu:</strong></p>\n<p style=""text-align: justify;"">Energetická hodnota: 1155kJ / 273kcal\nTuky celkové: 3g\nNasycené mastné kyseliny: 2g\nSacharidy využitelné: 4g\nCukry celkové: 0g\nBílkoviny celkové: 56g\nSůl: 1g</p>",,,taxable,,1,8,,0,0,50,7,13,23,1,,0,179,"Sušené maso","česnek, sušenémaso",,https://www.suseneprazene.cz/wp-content/uploads/2024/12/maso_cesnek.jpg,,,,,,,,,0,,"rgba(255,255,255,1)",2,,,off,off,,,off,classic-editor,default,0,"2024-02-02 10:19:30",937,0,no-sidebar,1,no,,2,"Složení výrobku","Hovězí zadní váleček\, sušený drcený česnek\, vinný ocet (hroznové víno\, antioxidant E220 - oxid siřičitý)\, sůl\, pažitka\, medvědí česnek",0,0,"Výživové údaje na 100g produktu","Energetická hodnota: 1155kJ / 273kcal
Tuky celkové: 3g
Nasycené mastné kyseliny: 2g
Sacharidy využitelné: 4g
Cukry celkové: 0g
Bílkoviny celkové: 56g
Sůl: 1g",0,0,,,wp-post,3.21.0,"Složení výrobku:Hovězí zadní váleček, sušený drcený česnek, vinný ocet (hroznové víno, antioxidant E220 - oxid siřičitý), sůl, pažitka, medvědí česnek","Výživové údaje na 100g produktu:Energetická hodnota: 1155kJ / 273kcal
Tuky celkové: 3g
Nasycené mastné kyseliny: 2g
Sacharidy využitelné: 4g
Cukry celkové: 0g
Bílkoviny celkové: 56g
Sůl: 1g",,"[{""id"":""1b684fc"",""elType"":""container"",""settings"":[],""elements"":[{""id"":""c3f3956"",""elType"":""widget"",""settings"":{""editor"":""<p style=\""text-align: justify;\""><strong>Slo\u017een\u00ed v\u00fdrobku:<\/strong><\/p><p style=\""text-align: justify;\"">Hov\u011bz\u00ed zadn\u00ed v\u00e1le\u010dek, su\u0161en\u00fd drcen\u00fd \u010desnek, vinn\u00fd ocet (hroznov\u00e9 v\u00edno, antioxidant E220 - oxid si\u0159i\u010dit\u00fd), s\u016fl, pa\u017eitka, medv\u011bd\u00ed \u010desnek<\/p><p style=\""text-align: justify;\""><strong>V\u00fd\u017eivov\u00e9 \u00fadaje na 100g produktu:<\/strong><\/p><p style=\""text-align: justify;\"">Energetick\u00e1 hodnota: 1155kJ \/ 273kcal<br \/>Tuky celkov\u00e9: 3g<br \/>Nasycen\u00e9 mastn\u00e9 kyseliny: 2g<br \/>Sacharidy vyu\u017eiteln\u00e9: 4g<br \/>Cukry celkov\u00e9: 0g<br \/>B\u00edlkoviny celkov\u00e9: 56g<br \/>S\u016fl: 1g<\/p>""},""elements"":[],""widgetType"":""text-editor""}],""isInner"":false}]",,,,,,,,,,,,,,,,,,,,,,,,,,,,,,,,,,,,,,,,,,,,,,,,,,,,,,,,
1594,simple,maso_kmin_horcice,,"Sušené maso - Kmín & hořčice 50 g",1,0,visible,"<p style=""text-align: justify;"">Inspirováno poctivým hovězím steakem. Kombinace kmínu s hrubozrnnou hřčicí tvoří dohromady harmonii chutí, o které jsme Tě nemohli připravit.</p>\n<p style=""text-align: justify;"">Tuto kombinaci si zamiluješ a ještě Tě skvěle zasytí, balíček je vyroben ze 139 gramů hovězího válečku a finální hmotnost produktu dosahuje něco málo přes 50 gramů.</p>","<p style=""text-align: justify;""><strong>Složení výrobku:</strong></p>\n<p style=""text-align: justify;"">Hovězí váleček, vinný ocet (hroznové víno, antioxidant oxid siřičitý), hrubozrnná hořčice (ocet kvasný lihový, HOŘČIČNÉ SEMÍNKO, pitná voda, jedlá sůl, bílé víno, cukr, přírodní aroma, kyselina mléčná), dijonská hořčice (pitná voda, HOŘČIČNÉ SEMÍNKO, ocet kvasný lihový, jedná sůl, kyselina citronová, konzervant disiřičitan draselný), vinný ocet (hroznové víno, konzervant siřičitan sodný), kmín drcený, sůl</p>\n<p style=""text-align: justify;""><strong>Výživové údaje na 100g produktu:</strong></p>\n<p style=""text-align: justify;"">Energetická hodnota: 1120kJ / 265kcal\nTuky celkové: 4g\nNasycené mastné kyseliny: 1g\nSacharidy využitelné: 1g\nCukry celkové: 0g\nBílkoviny celkové: 55g\nSůl: 2g</p>",,,taxable,,1,11,,0,0,50,7,13,23,1,,0,179,"Sušené maso","hořčice, kmín, sušenémaso",,https://www.suseneprazene.cz/wp-content/uploads/2024/12/maso_kmin_horcice.jpg,,,,,,,,,0,,"rgba(255,255,255,1)",2,,,off,off,,,off,classic-editor,default,0,"2024-02-13 11:25:37",925,0,customizer,1,no,,,"Složení výrobku","Hovězí váleček\, vinný ocet (hroznové víno\, antioxidant oxid siřičitý)\, hrubozrnná hořčice (ocet kvasný lihový\, HOŘČIČNÉ SEMÍNKO\, pitná voda\, jedlá sůl\, bílé víno\, cukr\, přírodní aroma\, kyselina mléčná)\, dijonská hořčice (pitná voda\, HOŘČIČNÉ SEMÍNKO\, ocet kvasný lihový\, jedná sůl\, kyselina citronová\, konzervant disiřičitan draselný)\, vinný ocet (hroznové váno\, konzervant siřičitan sodný)\, kmín drcený\, sůl",0,0,"Výživové údaje na 100g produktu","Energetická hodnota: 1120kJ / 265kcal
Tuky celkové: 4g
Nasycené mastné kyseliny: 1g
Sacharidy využitelné: 1g
Cukry celkové: 0g
Bílkoviny celkové: 55g
Sůl: 2g",0,0,,,wp-post,3.21.0,"Složení výrobku:Hovězí váleček, vinný ocet (hroznové víno, antioxidant oxid siřičitý), hrubozrnná hořčice (ocet kvasný lihový, HOŘČIČNÉ SEMÍNKO, pitná voda, jedlá sůl, bílé víno, cukr, přírodní aroma, kyselina mléčná), dijonská hořčice (pitná voda, HOŘČIČNÉ SEMÍNKO, ocet kvasný lihový, jedná sůl, kyselina citronová, konzervant disiřičitan draselný), vinný ocet (hroznové váno, konzervant siřičitan sodný), kmín drcený, sůl","Výživové údaje na 100g produktu:Energetická hodnota: 1120kJ / 265kcal
Tuky celkové: 4g
Nasycené mastné kyseliny: 1g
Sacharidy využitelné: 1g
Cukry celkové: 0g
Bílkoviny celkové: 55g
Sůl: 2g",,"[{""id"":""871ae93"",""elType"":""container"",""settings"":[],""elements"":[{""id"":""d18106e"",""elType"":""widget"",""settings"":{""editor"":""<p style=\""text-align: justify;\""><strong>Slo\u017een\u00ed v\u00fdrobku:<\/strong><\/p><p style=\""text-align: justify;\"">Hov\u011bz\u00ed v\u00e1le\u010dek, vinn\u00fd ocet (hroznov\u00e9 v\u00edno, antioxidant oxid si\u0159i\u010dit\u00fd), hrubozrnn\u00e1 ho\u0159\u010dice (ocet kvasn\u00fd lihov\u00fd, HO\u0158\u010cI\u010cN\u00c9 SEM\u00cdNKO, pitn\u00e1 voda, jedl\u00e1 s\u016fl, b\u00edl\u00e9 v\u00edno, cukr, p\u0159\u00edrodn\u00ed aroma, kyselina ml\u00e9\u010dn\u00e1), dijonsk\u00e1 ho\u0159\u010dice (pitn\u00e1 voda, HO\u0158\u010cI\u010cN\u00c9 SEM\u00cdNKO, ocet kvasn\u00fd lihov\u00fd, jedn\u00e1 s\u016fl, kyselina citronov\u00e1, konzervant disi\u0159i\u010ditan draseln\u00fd), vinn\u00fd ocet (hroznov\u00e9 v\u00edno, konzervant si\u0159i\u010ditan sodn\u00fd), km\u00edn drcen\u00fd, s\u016fl<\/p><p style=\""text-align: justify;\""><strong>V\u00fd\u017eivov\u00e9 \u00fadaje na 100g produktu:<\/strong><\/p><p style=\""text-align: justify;\"">Energetick\u00e1 hodnota: 1120kJ \/ 265kcal<br \/>Tuky celkov\u00e9: 4g<br \/>Nasycen\u00e9 mastn\u00e9 kyseliny: 1g<br \/>Sacharidy vyu\u017eiteln\u00e9: 1g<br \/>Cukry celkov\u00e9: 0g<br \/>B\u00edlkoviny celkov\u00e9: 55g<br \/>S\u016fl: 2g<\/p>""},""elements"":[],""widgetType"":""text-editor""}],""isInner"":false}]",,,,,,,,,,,,,,,,,,,,,,,,,,,,,,,,,,,,,,,,,,,,,,,,,,,,,,,,
2048,variable,kava_brazilie,,"Zrnková káva - Brazílie São Silvestre",1,0,visible,"<p data-start=""181"" data-end=""329"">Vyvážená brazilská arabika s jemnou smetanovou chutí karamelu, perníku a lískových oříšků. Káva bez kyselosti, ideální pro espresso i moka konvičku.</p>","<p data-start=""164"" data-end=""552"">Rodina Andrade patří mezi průkopníky pěstování kávy v regionu Cerrado Mineiro v brazilském státě Minas Gerais. Už přes sto let tu pěstují kávu s respektem k přírodě a srdcem pro kvalitu. Dnes pokračují v tradici bratři <strong data-start=""383"" data-end=""414"">Ismael a Eduardo Andradeovi</strong>, kteří na farmě <strong data-start=""431"" data-end=""448"">São Silvestre</strong> v nadmořské výšce až <strong data-start=""470"" data-end=""487"">1 250 m n. m.</strong> dávají vzniknout jedinečné kávě s <strong data-start=""522"" data-end=""551"">bohatým chuťovým profilem</strong>.</p>\n<p data-start=""554"" data-end=""759"">Těšit se můžeš na tóny <strong data-start=""577"" data-end=""634"">karamelu, perníku, lískových oříšků a mléčné čokolády</strong> - zemitě sladká klasika, která nikdy neomrzí. Ideální volba pro každého, kdo má rád <strong data-start=""719"" data-end=""750"">plné tělo a jemnou sladkost</strong> v šálku.</p>",,,taxable,,1,,,0,0,1000,,,,1,,0,,"Pražená káva, Pražená káva > Zrnková káva",kava,,https://www.suseneprazene.cz/wp-content/uploads/2025/10/Sao-Silvestre-1086x1536-1.png,,,,,,,,,0,,,,,,,,,,,classic-editor,default,0,"2024-02-22 08:07:42",998,0,,1,no,,,"Detailní informace","Chuťový profil: smetanová chuť karamelu\, perníku\, lískových oříšků a mléčné čokolády
Země původu: Brazílie
Region: Cerrado Mineiro region
Farma: Sao Silvestre
Farmář/ka: Famili Andrade
Nadmořská výška: 1250 m.n.m.
Odrůda: Yellow Catuaí\, Red Catuaí\, Yellow Bourbon and Yellow Icatú
Zpracování: Pulped natural
Screen: 16+
Cupping Score: 83\,5
Crop: 23/24",1,0,Varianty,"""75g"", ""250g"", ""500g"", ""1000g""",0,0,classic-editor,,,,"Detailní informace:Chuťový profil: smetanová chuť karamelu, perníku, lískových oříšků a mléčné čokolády
Země původu: Brazílie
Region: Cerrado Mineiro region
Farma: Sao Silvestre
Farmář/ka: Famili Andrade
Nadmořská výška: 1250 m.n.m.
Odrůda: Yellow Catuaí, Red Catuaí, Yellow Bourbon and Yellow Icatú
Zpracování: Pulped natural
Screen: 16+
Cupping Score: 83,5
Crop: 23/24","Varianty:""250g""",,,,no,"Varianty:""500g""","Varianty:""1000g""",,,,,,,,,,,,,,,,,,,,,,,,,,,,,,,,,,,,,,,,,,,,,,,,,,,,
2195,variation,,,"Zrnková káva - Brazílie São Silvestre - ""250g""",1,0,visible,,,,,taxable,parent,1,,,0,0,250,,,,0,,0,189,,,,,,,kava_brazilie,,,,,,2,,,,,,,,,,,,,,,,,,1,,,,Varianty,"""250g""",,0,,,,,,,,,,,,,,,,,,,,,,,,,,,,,,,,,,,,,,,,,,,,,,,,,,,,,,,,,,,,,,,,,,,,
2196,variation,,,"Zrnková káva - Brazílie São Silvestre - ""500g""",1,0,visible,,,,,taxable,parent,1,,,0,0,500,,,,0,,0,349,,,,,,,kava_brazilie,,,,,,3,,,,,,,,,,,,,,,,,,1,,,,Varianty,"""500g""",,0,,,,,,,,,,,,,,,,,,,,,,,,,,,,,,,,,,,,,,,,,,,,,,,,,,,,,,,,,,,,,,,,,,,,
2197,variation,,,"Zrnková káva - Brazílie São Silvestre - ""1000g""",1,0,visible,,,,,taxable,parent,1,,,0,0,,,,,0,,0,639,,,,,,,kava_brazilie,,,,,,4,,,,,,,,,,,,,,,,,,1,,,,Varianty,"""1000g""",,0,,,,,,,,,,,,,,,,,,,,,,,,,,,,,,,,,,,,,,,,,,,,,,,,,,,,,,,,,,,,,,,,,,,,
2210,simple,maso_limetka_chilli,,"Sušené maso - Limetka & chilli 50 g",1,0,visible,"<p style=""text-align: justify;"">Naše horká novinka, totální pecka, která Ti nesmí chybět v košíku.</p>\n<p style=""text-align: justify;"">Nálož hořko-kyselé chuti, kterou vykopne do vesmíru taťka bird's eye chilli s mamkou chilli kayenským pepřem.</p>\n<p style=""text-align: justify;"">Těchto 159 gramů válečku jsme proměnili v něco, co chceš jíst dnes a denně.</p>\n<p style=""text-align: justify;"">Stále váháš? :)</p>","<p style=""text-align: justify;""><strong>Složení výrobku:</strong></p>\n<p style=""text-align: justify;"">Hovězí váleček, šťáva z limetky, vinný ocet (hroznové víno, antioxidant oxid siřičitý), sůl, bird's eye chilli, červená paprika, kayenský pepř</p>\n<p style=""text-align: justify;""><strong>Výživové údaje na 100g produktu:</strong></p>\n<p style=""text-align: justify;"">Energetická hodnota: 1067kJ / 252kcal\nTuky celkové: 3g\nNasycené mastné kyseliny: 1g\nSacharidy využitelné: 1g\nCukry celkové: 0g\nBílkoviny celkové: 54g\nSůl: 1g</p>",,,taxable,,0,0,,0,0,50,7,13,23,1,,0,179,"Sušené maso","chilli, limetka, sušenémaso",,https://www.suseneprazene.cz/wp-content/uploads/2024/12/maso_limetka.jpg,,,,,,,,,0,,"rgba(255,255,255,1)",2,,,off,off,,,off,classic-editor,default,0,"2024-02-29 11:31:18",738,0,,1,no,,,"Složení výrobku","Hovězí váleček\, šťáva z limetky\, vinný ocet (hroznové víno\, antioxidant oxid siřičitý)\, sůl\, bird's eye chilli\, červená paprika\, kayenský pepř",0,0,"Výživové údaje na 100g produktu","Energetická hodnota: 1067kJ / 252kcal
Tuky celkové: 3g
Nasycené mastné kyseliny: 1g
Sacharidy využitelné: 1g
Cukry celkové: 0g
Bílkoviny celkové: 54g
Sůl: 1g",0,0,,,wp-post,3.21.0,"Složení výrobku:Hovězí váleček, šťáva z limetky, vinný ocet (hroznové víno, antioxidant oxid siřičitý), sůl, bird's eye chilli, červená paprika, kayenský pepř","Výživové údaje na 100g produktu:Energetická hodnota: 1067kJ / 252kcal
Tuky celkové: 3g
Nasycené mastné kyseliny: 1g
Sacharidy využitelné: 1g
Cukry celkové: 0g
Bílkoviny celkové: 54g
Sůl: 1g",,"[{""id"":""bf181a1"",""elType"":""container"",""settings"":[],""elements"":[{""id"":""61d39d1"",""elType"":""widget"",""settings"":{""editor"":""<p style=\""text-align: justify;\""><strong>Slo\u017een\u00ed v\u00fdrobku:<\/strong><\/p><p style=\""text-align: justify;\"">Hov\u011bz\u00ed v\u00e1le\u010dek, \u0161\u0165\u00e1va z limetky, vinn\u00fd ocet (hroznov\u00e9 v\u00edno, antioxidant oxid si\u0159i\u010dit\u00fd), s\u016fl, bird's eye chilli, \u010derven\u00e1 paprika, kayensk\u00fd pep\u0159<\/p><p style=\""text-align: justify;\""><strong>V\u00fd\u017eivov\u00e9 \u00fadaje na 100g produktu:<\/strong><\/p><p style=\""text-align: justify;\"">Energetick\u00e1 hodnota: 1067kJ \/ 252kcal<br \/>Tuky celkov\u00e9: 3g<br \/>Nasycen\u00e9 mastn\u00e9 kyseliny: 1g<br \/>Sacharidy vyu\u017eiteln\u00e9: 1g<br \/>Cukry celkov\u00e9: 0g<br \/>B\u00edlkoviny celkov\u00e9: 54g<br \/>S\u016fl: 1g<\/p>""},""elements"":[],""widgetType"":""text-editor""}],""isInner"":false}]",,,,,,,,,,,,,,,,,,,,,,,,,,,,,,,,,,,,,,,,,,,,,,,,,,,,,,,,
2602,simple,maso_kampotsky_pepr,,"Sušené maso - Kampotský pepř 50 g",1,0,visible,"<p style=""text-align: justify;"">Příchuť sušeného masa, kterou si vyžádali přímo naši zákazníci. Takže nemáš zač! :)</p>\n<p style=""text-align: justify;"">Kampotský pepř, pocházející z oblasti Kampot, Kambodža, je exkluzivním druhem koření, které je specifické pro náročné pěstování a šetrný sběr. Nabízí se ve třech variantách, červený, černý a bílý, přičemž Tobě nabízíme kombinaci všech tří druhů v jednom balíčku.</p>\n<p style=""text-align: justify;"">Těchto 159 gramů válečku jsme proměnili v něco, co chceš jíst dnes a denně.</p>\n<p style=""text-align: justify;"">Doporučujeme objednat více balení, neboť na této chuti vzniká závislost :)</p>","<p style=""text-align: justify;""><strong>Složení výrobku:</strong></p>\n<p style=""text-align: justify;"">Hovězí váleček, vinný ocet (hroznové víno, antioxidant oxid siřičitý), sůl, kampotský pepř černý, kampotský pepř bílý, kampotský pepř červený</p>\n<p style=""text-align: justify;""><strong>Výživové údaje na 100g produktu:</strong></p>\n<p style=""text-align: justify;"">Energetická hodnota: 1067kJ / 252kcal\nTuky celkové: 3g\nNasycené mastné kyseliny: 1g\nSacharidy využitelné: 1g\nCukry celkové: 0g\nBílkoviny celkové: 54g\nSůl: 1g</p>",,,taxable,,0,0,,0,0,50,7,13,23,1,,0,179,"Sušené maso","Pepř, sušenémaso",,https://www.suseneprazene.cz/wp-content/uploads/2024/12/kampotsky_pepr.jpg,,,,,,,,,0,,"rgba(255,255,255,1)",2,,,off,off,,,off,classic-editor,default,0,"2024-08-04 18:06:53",779,0,,1,no,,,"Složení výrobku","Hovězí váleček\, vinný ocet (hroznové víno\, antioxidant oxid siřičitý)\, sůl\, kampotský pepř černý (0\,25%)\, kampotský pepř bílý (0\,25%)\, kampotský pepř bílý (0\,1%)",0,0,"Výživové údaje na 100g produktu","Energetická hodnota: 1145kJ / 271kcal
Tuky celkové: 4g
Nasycené mastné kyseliny: 2g
Sacharidy využitelné: 0g
Cukry celkové: 0g
Bílkoviny celkové: 59g
Sůl: 1g",0,0,,,wp-post,3.21.0,"Složení výrobku:Hovězí váleček, vinný ocet (hroznové víno, antioxidant oxid siřičitý), sůl, kampotský pepř černý (0,25%), kampotský pepř bílý (0,25%), kampotský pepř bílý (0,1%)","Výživové údaje na 100g produktu:Energetická hodnota: 1145kJ / 271kcal
Tuky celkové: 4g
Nasycené mastné kyseliny: 2g
Sacharidy využitelné: 0g
Cukry celkové: 0g
Bílkoviny celkové: 59g
Sůl: 1g",,"[{""id"":""bf181a1"",""elType"":""container"",""settings"":[],""elements"":[{""id"":""61d39d1"",""elType"":""widget"",""settings"":{""editor"":""<p style=\""text-align: justify;\""><strong>Slo\u017een\u00ed v\u00fdrobku:<\/strong><\/p><p style=\""text-align: justify;\"">Hov\u011bz\u00ed v\u00e1le\u010dek, \u0161\u0165\u00e1va z limetky, vinn\u00fd ocet (hroznov\u00e9 v\u00edno, antioxidant oxid si\u0159i\u010dit\u00fd), s\u016fl, bird's eye chilli, \u010derven\u00e1 paprika, kayensk\u00fd pep\u0159<\/p><p style=\""text-align: justify;\""><strong>V\u00fd\u017eivov\u00e9 \u00fadaje na 100g produktu:<\/strong><\/p><p style=\""text-align: justify;\"">Energetick\u00e1 hodnota: 1067kJ \/ 252kcal<br \/>Tuky celkov\u00e9: 3g<br \/>Nasycen\u00e9 mastn\u00e9 kyseliny: 1g<br \/>Sacharidy vyu\u017eiteln\u00e9: 1g<br \/>Cukry celkov\u00e9: 0g<br \/>B\u00edlkoviny celkov\u00e9: 54g<br \/>S\u016fl: 1g<\/p>""},""elements"":[],""widgetType"":""text-editor""}],""isInner"":false}]",,,,,,,,,,,,,,,,,,,,,,,,,,,,,,,,,,,,,,,,,,,,,,,,,,,,,,,,
2632,variable,hovezi,,"Hovězí pamlsky",1,0,visible,"<p style=""text-align: justify;"">Pro Tvého čtyřnohého miláčka máme novinku, testovanou těmi nejvěrnějšími! :)</p>\n<p style=""text-align: justify;"">Představujeme Ti naše pamlsky z hovězího masa, složené pouze z odřezků hovězího, nic víc.</p>\n<p style=""text-align: justify;"">Poměr masa ku tukovým blanám bude cca 50:50, tzn. vše, co nám zbyde při výrobě sušeného masa, zpracujeme právě na tyto pamlsky. Proto jsou tyto pamlsky vhodné jako doplněk stravy výhradně pro aktivní mazlíčky.</p>",,,,taxable,,1,,,0,0,50,6,11,18,1,,0,,"Hovězí pamlsky",pamlsky,,https://www.suseneprazene.cz/wp-content/uploads/2025/10/mazlicci-e1730979743813.jpg,,,,,,,,,0,,,,,,,,,,,,default,0,"2024-09-23 06:52:53",947,0,,1,no,,,"Složení výrobku","Namleté odřezky z hovězího válečku. Poměr surovin není pevně daný a liší se každou várkou\, odhadem 50:50.",1,0,Varianty,"""50 g"", ""100 g"", ""250 g""",0,0,classic-editor,,wp-post,3.24.7,"Složení výrobku:Namleté odřezky z hovězího válečku. Poměr surovin není pevně daný a liší se každou várkou, odhadem 50:50.","Varianty:""50 g""",,,,,"Varianty:""100 g""","Varianty:""250 g""",,,,,,,,,,,,,,,,,,,,,,,,,,,,,,,,,,,,,,,,,,,,,,,,,,,,
2762,variation,hovezi_pamlsky_50,,"Hovězí pamlsky - ""50 g""",1,0,visible,,,,,taxable,parent,0,0,,0,0,,7,11,18,0,,0,89,,,,,,,hovezi,,,,,,1,,,,,,,,,,,,,,,,,,1,,,,Varianty,"""50 g""",,0,,,,,,,,,,,,,,,,,,,,,,,,,,,,,,,,,,,,,,,,,,,,,,,,,,,,,,,,,,,,,,,,,,,,
2763,variation,hovezi_pamlsky_100,,"Hovězí pamlsky - ""100 g""",1,0,visible,,,,,taxable,parent,0,0,,0,0,100,7,13,23,0,,0,119,,,,,,,hovezi,,,,,,2,,,,,,,,,,,,,,,,,,1,,,,Varianty,"""100 g""",,0,,,,,,,,,,,,,,,,,,,,,,,,,,,,,,,,,,,,,,,,,,,,,,,,,,,,,,,,,,,,,,,,,,,,
2764,variation,hovezi_pamlsky_250,,"Hovězí pamlsky - ""250 g""",1,0,visible,,,,,taxable,parent,1,2,,0,0,250,8,16,27,0,,0,239,,,,,,,hovezi,,,,,,3,,,,,,,,,,,,,,,,,,1,,,,Varianty,"""250 g""",,0,,,,,,,,,,,,,,,,,,,,,,,,,,,,,,,,,,,,,,,,,,,,,,,,,,,,,,,,,,,,,,,,,,,,
2765,simple,,,"Pro rodinu",0,0,visible,"<p style=""text-align: justify;"">Rodinný balíček pro všechny - myslíme na Tebe, Tvou tetu, bratrance i Ferdu Mravence!</p>\n<p style=""text-align: justify;"">V tomto balíčku si můžeš vybrat 5 balíčků sušeného masa, 5 balíčků směsí na bylinková másla, jednu praženou kávu o hmotnosti 500g a dva balíčky pamlsků po 50g. A ještě ušetříš 25% oproti standardní ceně produktů. ;)</p>\nBalíček Pro rodinu obsahuje:\n<ul>\n 	<li>sušené maso - 5ks</li>\n 	<li>směsi na bylinkové máslo - 5ks</li>\n 	<li>zrnková káva - 500g (lze po domluvě dodat 2x250g)</li>\n 	<li>hovězí pamlsky 100g 1ks</li>\n</ul>","<p style=""text-align: justify;"">Rodinný balíček pro všechny - myslíme na Tebe, Tvou tetu, bratrance i Ferdu Mravence!</p>\n<p style=""text-align: justify;"">V tomto balíčku si můžeš vybrat 5 balíčků sušeného masa, 5 balíčků směsí na bylinková másla, jednu praženou kávu o hmotnosti 500g a jeden balíček pamlsků po 100g. A ještě ušetříš 23% oproti standardní ceně produktů. ;)</p>",,,taxable,,0,,,0,0,1050,,,,1,,"786,9375",1827,"Výhodné balíčky","dripbag, kava, máslo, sušenémaso",,https://www.suseneprazene.cz/wp-content/uploads/2025/10/pro-rodinu-e1731606157179.jpg,,,,,,,,,0,,,,,,,,,,,,default,0,"2024-10-20 15:37:58",1339,0,,0,no,,,,,,,,,,,classic-editor,,,,,,,,,no,,,on,,,whole,off,,10,on,,10,no,list,,,,true,1729791361,yes,1,,,,,,,,,,,,,,,,,,,,,,,,,,,,,,,,,
2777,simple,,,"Antivegan 5+1",1,0,visible,"Balíček Antivegan obsahuje:\n<ul>\n 	<li>sušené hovězí maso - 6ks</li>\n 	<li>dostupné příchutě: Classic, Česnek, Limetka &amp; Chilli, Kmín &amp; Hořčice, Kampotský pepř</li>\n</ul>","<p style=""text-align: justify;"">Ne, že bychom nepodporovali myšlenku veganství, nicméně máme svou vlastní filozofii. Tou je totiž šest balíčků sušeného hovězího masa výhradně z ČESKÉHO CHOVU, přičemž ten šestý je pro Tebe zdarma. :)</p>\n<p style=""text-align: justify;""></p>",,,taxable,,1,,,0,0,300,,,,1,,"503,4375",1074,"Výhodné balíčky",sušenémaso,,https://www.suseneprazene.cz/wp-content/uploads/2025/10/antivegan-1-e1731606049693.jpg,,,,,,,,,0,,,,,,,,,,,,default,0,"2024-10-25 10:07:23",1169,0,,0,no,,,,,,,,,,,classic-editor,,,,,,,,,no,,,on,,,whole,off,,10,on,,10,no,list,,,,true,1729791361,yes,1,"Classic, Česnek, Limetka & Chilli, Kampotský pepř, Kmín & Hořčice",6,,,,,,,,,,,,,,,,,,,,,,,,,,,,,,,
2780,simple,,,"Pro mazlíčky",0,0,visible,"Balíček Pro mazlíčky obsahuje:\n<ul>\n 	<li>hovězí pamlsky 100g - 3ks</li>\n 	<li>hovězí pamlsky 250g - 1ks</li>\n</ul>","<p style=""text-align: justify;"">Pro Ferdu, Rexe, Micku, Sisi či Olivera. A i pro ty ostatní. :)</p>\n<p style=""text-align: justify;"">Hovězí pamlsky jsou sušené namleté odřezky z hovězího válečku, bez přidaného koření a jakýchkoli jiných ingrediencí. Tyto pamlsky jsou skvělým zdrojem rychlé energie.</p>",,,taxable,,0,,,0,0,600,,,,1,,"297,5625",596,"Výhodné balíčky",pamlsky,,https://www.suseneprazene.cz/wp-content/uploads/2025/10/mazlicci-e1730979743813.jpg,,,,,,,,,0,,,,,,,,,,,,default,0,"2024-10-25 10:12:01",879,0,,0,no,,1,,,,,,,,,classic-editor,,,,,,,,,no,,,on,,,whole,off,,10,on,,10,no,list,,,,true,1729791361,yes,,,,"{""ggt4"":{""sku"":""maso_kampotsky_pepr"",""max"":""5"",""min"":""0"",""optional"":""1"",""id"":""2602"",""qty"":""0""},""xls5"":{""max"":""5"",""qty"":""0"",""sku"":""maso_limetka_chilli"",""id"":""2210"",""min"":""0"",""optional"":""1""},""wrld"":{""min"":""0"",""qty"":"""",""optional"":""1"",""max"":""5"",""sku"":""maslo_cesnek"",""id"":""228""},""qedd"":{""qty"":""0"",""sku"":""maso_classic"",""optional"":""1"",""id"":""730"",""min"":""0"",""max"":""5""},""vkk6"":{""id"":""1594"",""max"":""5"",""qty"":""0"",""sku"":""maso_kmin_horcice"",""min"":""0"",""optional"":""1""},""w09k"":{""id"":""675"",""min"":""-0"",""sku"":""maslo_rajce"",""qty"":""0"",""optional"":""1"",""max"":""5""},""xa7t"":{""id"":""676"",""min"":""0"",""sku"":""maslo_cibule"",""max"":""4"",""qty"":""0"",""optional"":""1""},""tzjw"":{""optional"":""1"",""max"":""5"",""min"":""0"",""id"":""1056"",""qty"":""0"",""sku"":""maso_cesnek""},""gx8g"":{""min"":""0"",""optional"":""1"",""max"":""5"",""qty"":""0"",""sku"":""maslo_chilli"",""id"":""678""},""rqh5"":{""min"":"""",""qty"":""0"",""id"":""679"",""sku"":""maslo_repa"",""optional"":""1"",""max"":""5""}}",,,,,,,,,,,,,,,,,,,,,,,,,,,,,,
2783,simple,,,"Kávopiči XXL",1,0,visible,"Balíček Kávopiči XXL obsahuje:\n<ul>\n 	<li>DripBagy - 25ks</li>\n 	<li>zrnková káva dle vlastního výběru 250g - 3ks</li>\n 	<li>zrnková káva dle vlastního výběru 500g - 2ks</li>\n 	<li>zrnková káva dle vlastního výběru 1.000g - 1ks</li>\n</ul>","<p style=""text-align: justify;"">Kávopič, tj. člověk až fanaticky milující kávu, ocení tento balíček obsahující jak zrnkovou kávu, tak cestovní DripBagy. Nákupem tohoto balíčku ušetříš 20% ze standardní ceny.</p>\n<p style=""text-align: justify;"">Kávu pro Tebe připravili kluci z @atypica z Jablonce nad Nisou.</p>",,,taxable,,1,,,0,0,3250,,,,1,,"1068,1875",2399,"Výhodné balíčky","dripbag, kava",,https://www.suseneprazene.cz/wp-content/uploads/2025/10/kavopici-e1731606237381.jpg,,,,,,,,,0,,,,,,,,,,,,default,0,"2024-10-25 10:18:11",480,0,,0,no,,,,,,,,,,,classic-editor,,,,,,,,,no,,,on,,,whole,off,,10,on,,10,no,list,,,,true,1729791361,yes,1,,,,{{unknown}},{{unknown}},,,,,,,,,,,,,,,,,,,,,,,,,,,,
2786,simple,,,"S láskou pro prarodiče",0,0,visible,"Balíček S láskou pro prarodiče obsahuje:\n<ul>\n 	<li>směsi na bylinkové máslo - 5ks. Lze vybírat z příchutí: Česnek, Rajče, Cibule, Paprika &amp; Chilli, Řepa</li>\n 	<li>zrnková káva 250g - 2ks - lze vybrat i 1x 500g, napiš mi poznámku k objednávce</li>\n 	<li>hovězí pamlsky 100g - 1ks</li>\n</ul>","<p style=""text-align: justify;"">Tento balíček se Ti vyplatí hned dvakrát, protože až přijedeš navštívit své prarodiče, dostaneš skvělou sváču a výborný kafe.</p>\n<p style=""text-align: justify;"">Oproti standardní ceně ušetříš 35%.</p>",,,taxable,,0,,,0,0,800,,,,1,,"353,8125",961,"Výhodné balíčky","kava, máslo, pamlsky",,https://www.suseneprazene.cz/wp-content/uploads/2025/10/babicka-e1731606285850-722x578-1.png,,,,,,,,,0,,,,,,,,,,,,default,0,"2024-10-25 10:25:21",853,0,,0,no,,,,,,,,,,,classic-editor,,,,,,,,,no,,,on,,,whole,off,,10,on,,10,no,list,,,,true,1729791361,yes,1,,,,,,,,,,,,,,,,,,,,,,,,,,,,,,,,,
2788,simple,,,"Pro turisty",1,0,visible,"Balíček Pro turisty obsahuje:\n<ul>\n 	<li>sušené maso - 10ks</li>\n 	<li>směsi na bylinkové máslo - 3ks</li>\n 	<li>DripBagy - 25ks dle aktuální nabídky</li>\n</ul>","<p style=""text-align: justify;"">Do horských výšin, na loď, do letadla nebo třeba jen do stanu v kempu. S tímto balíčkem budeš mít skvělou snídani a ještě lepší svačinu ;)</p>",,,taxable,,1,,,0,0,1200,,,,1,,"1096,3125",2556,"Výhodné balíčky","dripbag, kava, máslo, maso",,https://www.suseneprazene.cz/wp-content/uploads/2025/10/antivegan-1-e1731606049693.jpg,,,,,,,,,0,,,,,,,,,,,,default,0,"2024-10-25 10:32:42",1236,0,,0,no,,,,,,,,,,,classic-editor,,,,,,,,,no,,,on,,,whole,off,,10,on,,10,no,list,,,,true,1729791361,yes,1,,,,,,,,,,,,,,,,,,,,,,,,,,,,,,,,,
2794,simple,,,"Pro kámoše nejen od Ježíška",0,0,visible,"Balíček Pro kámoše obsahuje:\n<ul>\n 	<li>směsi na bylinkové máslo - 10 balíčků</li>\n 	<li>DripBagy - 10 balíčků dle aktuální nabídky</li>\n</ul>","Váháš nad tím, jak obdařit své blízké, kamarády, rodinu, něčím originálním, a hlavně úžasně chutným?\n\nPak pro Tebe mám zvýhodněný balíček směsí koření na bylinková másla a DripBagy kvalitní filtrované kávy. Cenově to vychází snadno - DripBagy získáš ke směsím zdarma, a to se vyplatí ;)",,,taxable,,1,,,0,0,700,,,,1,,"505,6875",1158,"Výhodné balíčky","dripbag, kava, máslo",,https://www.suseneprazene.cz/wp-content/uploads/2024/12/pro-kamose-e1731606182847.jpg,,,,,,,,,0,,,,,,,,,,,,default,0,"2024-10-25 10:48:17",943,0,,0,no,,,,,,,,,,,classic-editor,,,,,,,,,no,,,on,,,whole,off,,10,on,,10,no,list,,,,true,1729791361,yes,1,"Česnek, Rajče, Cibule, Paprika & Chilli, Řepa",10,,,,,,,,,,,,,,,,,,,,,,,,,,,,,,,
2919,simple,,,"Máslopack 5+2",1,0,visible,"Balíček Máslopack obsahuje:\n<ul>\n 	<li>směsi na bylinkové máslo - 7ks</li>\n 	<li>lze vybírat z příchutí: Česnek, Rajče, Cibule, Paprika &amp; Chilli, Řepa</li>\n</ul>","<p style=""text-align: justify;"">Směsi koření na bylinková másla jsou naším jedinečným produktem, který jakmile jednou vyzkoušíš, už nechceš jinak. Využití směsí je totiž velmi barvité, od smíchání s jinými typy pomazánek, až po okořenění steaků, těstovin a podobně.</p>\n<p style=""text-align: justify;"">Ve špajzce Ti to vydrží roky, resp. do první nečekané návštěvy :) A nyní máš možnost získat tato másla ve velmi výhodně sadě 5+2 zdarma ;)</p>",,,taxable,,1,,,0,0,340,,,,1,,"250,3125",623,"Výhodné balíčky",máslo,,https://www.suseneprazene.cz/wp-content/uploads/2024/12/96c8339d-e585-4f50-b3a1-54eb513e7533.jpg,,,,,,,,,0,,,,,,,,,,,,default,0,"2024-11-13 12:37:55",1170,0,,0,no,,,,,,,,,,,classic-editor,,wp-post,3.26.5,,,,,,no,,,on,,,whole,off,,10,on,,10,no,list,,,,true,1729791361,yes,1,"Česnek, Rajče, Cibule, Paprika & Chilli, Řepa",6,,,,,,,,,,,,,,,,,,,,,,,,,,,,,,,
4070,variable,,,"Kávové předplatné - čerstvě a praženě",1,0,visible,"<p style=""text-align: justify;"" data-start=""139"" data-end=""375""><strong data-start=""139"" data-end=""220"">Dopřej si kávu přesně podle sebe – kdy chceš, kolik chceš a jak dlouho chceš.</strong><br data-start=""220"" data-end=""223"" />S předplatným od <em data-start=""240"" data-end=""258"">Sušené | Pražené</em> Ti každý měsíc dorazí balíček čerstvě pražené kávy až ke dveřím – bez starostí, bez kompromisů a s výhodnější cenou.</p>","<h3 data-start=""1374"" data-end=""1438""><strong data-start=""1378"" data-end=""1438"">Předplatné kávy – Tvá oblíbená chuť každý měsíc až domů</strong></h3>\n<p data-start=""1440"" data-end=""1545"">Nemusíš už nikdy myslet na to, že Ti došla káva. S naším <strong data-start=""1499"" data-end=""1528"">předplatným výběrové kávy</strong> si sám zvolíš:</p>\n\n<ul data-start=""1547"" data-end=""1762"">\n 	<li data-start=""1547"" data-end=""1615"">\n<p data-start=""1549"" data-end=""1615"">✅ příchuť: <strong data-start=""1560"" data-end=""1615"">Sao Silvestre, Blend Arara&amp;Santos nebo Olhos D’água</strong></p>\n</li>\n 	<li data-start=""1616"" data-end=""1663"">\n<p data-start=""1618"" data-end=""1663"">✅ velikost balení: <strong data-start=""1637"" data-end=""1663"">250 g / 500 g / 1000 g</strong></p>\n</li>\n 	<li data-start=""1664"" data-end=""1711"">\n<p data-start=""1666"" data-end=""1711"">✅ délku předplatného: <strong data-start=""1688"" data-end=""1711"">3, 6 nebo 12 měsíců</strong></p>\n</li>\n 	<li data-start=""1712"" data-end=""1762"">\n<p data-start=""1714"" data-end=""1762"">✅ interval platby: měsíčně, kvartálně nebo ročně</p>\n</li>\n</ul>\n<p data-start=""1764"" data-end=""1870"">Kávu Ti doručím <strong data-start=""1782"" data-end=""1815"">každý měsíc čerstvě upraženou</strong>, a čím delší období si zvolíš, tím <strong data-start=""1852"" data-end=""1869"">více ušetříš</strong>:</p>\n\n<div class=""_tableContainer_16hzy_1"">\n<div class=""_tableWrapper_16hzy_14 group flex w-fit flex-col-reverse"" tabindex=""-1"">\n<table class=""w-fit min-w-(--thread-content-width)"" data-start=""1872"" data-end=""2029"">\n<thead data-start=""1872"" data-end=""1908"">\n<tr data-start=""1872"" data-end=""1908"">\n<th data-start=""1872"" data-end=""1880"" data-col-size=""sm"">Délka</th>\n<th data-start=""1880"" data-end=""1908"" data-col-size=""sm"">Úspora oproti běžné ceně</th>\n</tr>\n</thead>\n<tbody data-start=""1948"" data-end=""2029"">\n<tr data-start=""1948"" data-end=""1975"">\n<td data-start=""1948"" data-end=""1958"" data-col-size=""sm"">Kvartál</td>\n<td data-start=""1958"" data-end=""1975"" data-col-size=""sm"">až <strong data-start=""1963"" data-end=""1973"">138 Kč</strong></td>\n</tr>\n<tr data-start=""1976"" data-end=""2002"">\n<td data-start=""1976"" data-end=""1985"" data-col-size=""sm"">Půlrok</td>\n<td data-start=""1985"" data-end=""2002"" data-col-size=""sm"">až <strong data-start=""1990"" data-end=""2000"">405 Kč</strong></td>\n</tr>\n<tr data-start=""2003"" data-end=""2029"">\n<td data-start=""2003"" data-end=""2012"" data-col-size=""sm"">Rok</td>\n<td data-col-size=""sm"" data-start=""2012"" data-end=""2029"">až <strong data-start=""2017"" data-end=""2027"">999 Kč</strong></td>\n</tr>\n</tbody>\n</table>\n<div class=""sticky end-(--thread-content-margin) h-0 self-end select-none"">\n<div class=""absolute end-0 flex items-end""></div>\n</div>\n</div>\n</div>\n<p data-start=""2031"" data-end=""2128"">Dopravu zajistím přes Zásilkovnu či osobním odběrem, který lze domluvit individuálně na trase Liberec - Mladá Boleslav</p>",,,taxable,,1,,,0,0,1000,,,,1,,0,,"Pražená káva > Předplatné kávy",,Předplatné,https://www.suseneprazene.cz/wp-content/uploads/2025/10/degustacni_predplatne.jpg,,,,,,,,,0,,,,,,,,,,,,default,0,,408,,,0,yes,monthly,,"Odrůda kávy","""Andrade – São Silvestre\, Brazílie"", ""Blend – Arara & Santos\, Brazílie"", ""Fazenda – Olhos D'Água\, Brazílie""",0,0,Hmotnost,"""250g"", ""500g"", ""1000g""",0,0,classic-editor,,,,"Odrůda kávy:""Andrade – São Silvestre, Brazílie""","Odrůda kávy:""Blend – Arara & Santos, Brazílie""",yes,,,no,"Odrůda kávy:""Fazenda – Olhos D'Água, Brazílie""","Hmotnost:""250g""",,,,,,,,,,,,,,,,,,,,,,,,,Předplatné,"""Kvartální"", ""Půlroční"", ""Roční""",0,0,Doručení,"""Osobně"", ""Zásilkovnou""",0,0,1,month,12,month,,,day,,299,specific_products,,,"Hmotnost:""500g""","Hmotnost:""1000g""","Předplatné:""Kvartální""","Předplatné:""Půlroční""","Předplatné:""Roční""","Doručení:""Osobně""","Doručení:""Zásilkovnou""",1
4117,variation,,,"Kávové předplatné - čerstvě a praženě",1,0,visible,,,,,taxable,parent,1,,,0,0,250,,,,0,,"302,0625",567,,,,,,,id:4070,,,,,,17,,,,,,,,,,,,,,,,,,1,,,,"Odrůda kávy","""Andrade – São Silvestre\, Brazílie""",,0,Hmotnost,"""250g""",,0,,,,,,,,,,,,,,,,,,,,,,,,,,,,,,,,,,,,,Předplatné,"""Kvartální""",,0,Doručení,"""Osobně""",,0,,,,,,,,,,,,,,,,,,,,
4118,variation,,,"Kávové předplatné - čerstvě a praženě",1,0,visible,,,,,taxable,parent,1,,,0,0,250,,,,0,,"443,8125",834,,,,,,,id:4070,,,,,,18,,,,,,,,,,,,,,,,,,1,,,,"Odrůda kávy","""Andrade – São Silvestre\, Brazílie""",,0,Hmotnost,"""250g""",,0,,,,,,,,,,,,,,,,,,,,,,,,,,,,,,,,,,,,,Předplatné,"""Kvartální""",,0,Doručení,"""Zásilkovnou""",,0,,,,,,,,,,,,,,,,,,,,
4119,variation,,,"Kávové předplatné - čerstvě a praženě",1,0,visible,,,,,taxable,parent,1,,,0,0,250,,,,0,,"573,1875",1134,,,,,,,id:4070,,,,,,19,,,,,,,,,,,,,,,,,,1,,,,"Odrůda kávy","""Andrade – São Silvestre\, Brazílie""",,0,Hmotnost,"""250g""",,0,,,,,,,,,,,,,,,,,,,,,,,,,,,,,,,,,,,,,Předplatné,"""Půlroční""",,0,Doručení,"""Osobně""",,0,,,,,,,,,,,,,,,,,,,,
4120,variation,,,"Kávové předplatné - čerstvě a praženě",1,0,visible,,,,,taxable,parent,1,,,0,0,250,,,,0,,"848,8125",1668,,,,,,,id:4070,,,,,,20,,,,,,,,,,,,,,,,,,1,,,,"Odrůda kávy","""Andrade – São Silvestre\, Brazílie""",,0,Hmotnost,"""250g""",,0,,,,,,,,,,,,,,,,,,,,,,,,,,,,,,,,,,,,,Předplatné,"""Půlroční""",,0,Doručení,"""Zásilkovnou""",,0,,,,,,,,,,,,,,,,,,,,
4121,variation,,,"Kávové předplatné - čerstvě a praženě",1,0,visible,,,,,taxable,parent,1,,,0,0,250,,,,0,,"1073,8125",2268,,,,,,,id:4070,,,,,,21,,,,,,,,,,,,,,,,,,1,,,,"Odrůda kávy","""Andrade – São Silvestre\, Brazílie""",,0,Hmotnost,"""250g""",,0,,,,,,,,,,,,,,,,,,,,,,,,,,,,,,,,,,,,,Předplatné,"""Roční""",,0,Doručení,"""Osobně""",,0,,,,,,,,,,,,,,,,,,,,
4122,variation,,,"Kávové předplatné - čerstvě a praženě",1,0,visible,,,,,taxable,parent,1,,,0,0,250,,,,0,,"1625,0625",3336,,,,,,,id:4070,,,,,,22,,,,,,,,,,,,,,,,,,1,,,,"Odrůda kávy","""Andrade – São Silvestre\, Brazílie""",,0,Hmotnost,"""250g""",,0,,,,,,,,,,,,,,,,,,,,,,,,,,,,,,,,,,,,,Předplatné,"""Roční""",,0,Doručení,"""Zásilkovnou""",,0,,,,,,,,,,,,,,,,,,,,
4123,variation,,,"Kávové předplatné - čerstvě a praženě",1,0,visible,,,,,taxable,parent,1,,,0,0,500,,,,0,,"556,3125",1047,,,,,,,id:4070,,,,,,23,,,,,,,,,,,,,,,,,,1,,,,"Odrůda kávy","""Andrade – São Silvestre\, Brazílie""",,0,Hmotnost,"""500g""",,0,,,,,,,,,,,,,,,,,,,,,,,,,,,,,,,,,,,,,Předplatné,"""Kvartální""",,0,Doručení,"""Osobně""",,0,,,,,,,,,,,,,,,,,,,,
4124,variation,,,"Kávové předplatné - čerstvě a praženě",1,0,visible,,,,,taxable,parent,1,,,0,0,500,,,,0,,"696,9375",1314,,,,,,,id:4070,,,,,,24,,,,,,,,,,,,,,,,,,1,,,,"Odrůda kávy","""Andrade – São Silvestre\, Brazílie""",,0,Hmotnost,"""500g""",,0,,,,,,,,,,,,,,,,,,,,,,,,,,,,,,,,,,,,,Předplatné,"""Kvartální""",,0,Doručení,"""Zásilkovnou""",,0,,,,,,,,,,,,,,,,,,,,
4125,variation,,,"Kávové předplatné - čerstvě a praženě",1,0,visible,,,,,taxable,parent,1,,,0,0,500,,,,0,,"1045,6875",2094,,,,,,,id:4070,,,,,,25,,,,,,,,,,,,,,,,,,1,,,,"Odrůda kávy","""Andrade – São Silvestre\, Brazílie""",,0,Hmotnost,"""500g""",,0,,,,,,,,,,,,,,,,,,,,,,,,,,,,,,,,,,,,,Předplatné,"""Půlroční""",,0,Doručení,"""Osobně""",,0,,,,,,,,,,,,,,,,,,,,
4126,variation,,,"Kávové předplatné - čerstvě a praženě",1,0,visible,,,,,taxable,parent,1,,,0,0,500,,,,0,,"1287,5625",2628,,,,,,,id:4070,,,,,,26,,,,,,,,,,,,,,,,,,1,,,,"Odrůda kávy","""Andrade – São Silvestre\, Brazílie""",,0,Hmotnost,"""500g""",,0,,,,,,,,,,,,,,,,,,,,,,,,,,,,,,,,,,,,,Předplatné,"""Půlroční""",,0,Doručení,"""Zásilkovnou""",,0,,,,,,,,,,,,,,,,,,,,
4127,variation,,,"Kávové předplatné - čerstvě a praženě",1,0,visible,,,,,taxable,parent,1,,,0,0,500,,,,0,,"1951,3125",4188,,,,,,,id:4070,,,,,,27,,,,,,,,,,,,,,,,,,1,,,,"Odrůda kávy","""Andrade – São Silvestre\, Brazílie""",,0,Hmotnost,"""500g""",,0,,,,,,,,,,,,,,,,,,,,,,,,,,,,,,,,,,,,,Předplatné,"""Roční""",,0,Doručení,"""Osobně""",,0,,,,,,,,,,,,,,,,,,,,
4128,variation,,,"Kávové předplatné - čerstvě a praženě",1,0,visible,,,,,taxable,parent,1,,,0,0,500,,,,0,,"2519,4375",5256,,,,,,,id:4070,,,,,,28,,,,,,,,,,,,,,,,,,1,,,,"Odrůda kávy","""Andrade – São Silvestre\, Brazílie""",,0,Hmotnost,"""500g""",,0,,,,,,,,,,,,,,,,,,,,,,,,,,,,,,,,,,,,,Předplatné,"""Roční""",,0,Doručení,"""Zásilkovnou""",,0,,,,,,,,,,,,,,,,,,,,
4129,variation,,,"Kávové předplatné - čerstvě a praženě",1,0,visible,,,,,taxable,parent,1,,,0,0,1000,,,,0,,"1011,9375",1917,,,,,,,id:4070,,,,,,29,,,,,,,,,,,,,,,,,,1,,,,"Odrůda kávy","""Andrade – São Silvestre\, Brazílie""",,0,Hmotnost,"""1000g""",,0,,,,,,,,,,,,,,,,,,,,,,,,,,,,,,,,,,,,,Předplatné,"""Kvartální""",,0,Doručení,"""Osobně""",,0,,,,,,,,,,,,,,,,,,,,
4130,variation,,,"Kávové předplatné - čerstvě a praženě",1,0,visible,,,,,taxable,parent,1,,,0,0,1000,,,,0,,"1011,9375",2187,,,,,,,id:4070,,,,,,30,,,,,,,,,,,,,,,,,,1,,,,"Odrůda kávy","""Andrade – São Silvestre\, Brazílie""",,0,Hmotnost,"""1000g""",,0,,,,,,,,,,,,,,,,,,,,,,,,,,,,,,,,,,,,,Předplatné,"""Kvartální""",,0,Doručení,"""Zásilkovnou""",,0,,,,,,,,,,,,,,,,,,,,
4131,variation,,,"Kávové předplatné - čerstvě a praženě",1,0,visible,,,,,taxable,parent,1,,,0,0,1000,,,,0,,"1956,9375",3834,,,,,,,id:4070,,,,,,31,,,,,,,,,,,,,,,,,,1,,,,"Odrůda kávy","""Andrade – São Silvestre\, Brazílie""",,0,Hmotnost,"""1000g""",,0,,,,,,,,,,,,,,,,,,,,,,,,,,,,,,,,,,,,,Předplatné,"""Půlroční""",,0,Doručení,"""Osobně""",,0,,,,,,,,,,,,,,,,,,,,
4132,variation,,,"Kávové předplatné - čerstvě a praženě",1,0,visible,,,,,taxable,parent,1,,,0,0,1000,,,,0,,"2232,5625",4374,,,,,,,id:4070,,,,,,32,,,,,,,,,,,,,,,,,,1,,,,"Odrůda kávy","""Andrade – São Silvestre\, Brazílie""",,0,Hmotnost,"""1000g""",,0,,,,,,,,,,,,,,,,,,,,,,,,,,,,,,,,,,,,,Předplatné,"""Půlroční""",,0,Doručení,"""Zásilkovnou""",,0,,,,,,,,,,,,,,,,,,,,
4133,variation,,,"Kávové předplatné - čerstvě a praženě",1,0,visible,,,,,taxable,parent,1,,,0,0,1000,,,,0,,"3773,8125",7668,,,,,,,id:4070,,,,,,33,,,,,,,,,,,,,,,,,,1,,,,"Odrůda kávy","""Andrade – São Silvestre\, Brazílie""",,0,Hmotnost,"""1000g""",,0,,,,,,,,,,,,,,,,,,,,,,,,,,,,,,,,,,,,,Předplatné,"""Roční""",,0,Doručení,"""Osobně""",,0,,,,,,,,,,,,,,,,,,,,
4134,variation,,,"Kávové předplatné - čerstvě a praženě",1,0,visible,,,,,taxable,parent,1,,,0,0,1000,,,,0,,"4358,8125",8748,,,,,,,id:4070,,,,,,34,,,,,,,,,,,,,,,,,,1,,,,"Odrůda kávy","""Andrade – São Silvestre\, Brazílie""",,0,Hmotnost,"""1000g""",,0,,,,,,,,,,,,,,,,,,,,,,,,,,,,,,,,,,,,,Předplatné,"""Roční""",,0,Doručení,"""Zásilkovnou""",,0,,,,,,,,,,,,,,,,,,,,
4137,variation,,,"Kávové předplatné - čerstvě a praženě",1,0,visible,,,,,taxable,parent,1,,,0,0,250,,,,0,,"302,0625",567,,,,,,,id:4070,,,,,,35,,,,,,,,,,,,,,,,,,1,,,,"Odrůda kávy","""Blend – Arara & Santos\, Brazílie""",,0,Hmotnost,"""250g""",,0,,,,,,,,,,,,,,,,,,,,,,,,,,,,,,,,,,,,,Předplatné,"""Kvartální""",,0,Doručení,"""Osobně""",,0,,,,,,,,,,,,,,,,,,,,
4138,variation,,,"Kávové předplatné - čerstvě a praženě",1,0,visible,,,,,taxable,parent,1,,,0,0,250,,,,0,,"443,8125",834,,,,,,,id:4070,,,,,,36,,,,,,,,,,,,,,,,,,1,,,,"Odrůda kávy","""Blend – Arara & Santos\, Brazílie""",,0,Hmotnost,"""250g""",,0,,,,,,,,,,,,,,,,,,,,,,,,,,,,,,,,,,,,,Předplatné,"""Kvartální""",,0,Doručení,"""Zásilkovnou""",,0,,,,,,,,,,,,,,,,,,,,
4139,variation,,,"Kávové předplatné - čerstvě a praženě",1,0,visible,,,,,taxable,parent,1,,,0,0,250,,,,0,,"1073,8125",2268,,,,,,,id:4070,,,,,,37,,,,,,,,,,,,,,,,,,1,,,,"Odrůda kávy","""Blend – Arara & Santos\, Brazílie""",,0,Hmotnost,"""250g""",,0,,,,,,,,,,,,,,,,,,,,,,,,,,,,,,,,,,,,,Předplatné,"""Roční""",,0,Doručení,"""Osobně""",,0,,,,,,,,,,,,,,,,,,,,
4140,variation,,,"Kávové předplatné - čerstvě a praženě",1,0,visible,,,,,taxable,parent,1,,,0,0,250,,,,0,,"1625,0625",3336,,,,,,,id:4070,,,,,,38,,,,,,,,,,,,,,,,,,1,,,,"Odrůda kávy","""Blend – Arara & Santos\, Brazílie""",,0,Hmotnost,"""250g""",,0,,,,,,,,,,,,,,,,,,,,,,,,,,,,,,,,,,,,,Předplatné,"""Roční""",,0,Doručení,"""Zásilkovnou""",,0,,,,,,,,,,,,,,,,,,,,
4143,variation,,,"Kávové předplatné - čerstvě a praženě",1,0,visible,,,,,taxable,parent,1,,,0,0,500,,,,0,,"555,1875",1047,,,,,,,id:4070,,,,,,39,,,,,,,,,,,,,,,,,,1,,,,"Odrůda kávy","""Blend – Arara & Santos\, Brazílie""",,0,Hmotnost,"""500g""",,0,,,,,,,,,,,,,,,,,,,,,,,,,,,,,,,,,,,,,Předplatné,"""Kvartální""",,0,Doručení,"""Osobně""",,0,,,,,,,,,,,,,,,,,,,,
4144,variation,,,"Kávové předplatné - čerstvě a praženě",1,0,visible,,,,,taxable,parent,1,,,0,0,500,,,,0,,"696,9375",1314,,,,,,,id:4070,,,,,,40,,,,,,,,,,,,,,,,,,1,,,,"Odrůda kávy","""Blend – Arara & Santos\, Brazílie""",,0,Hmotnost,"""500g""",,0,,,,,,,,,,,,,,,,,,,,,,,,,,,,,,,,,,,,,Předplatné,"""Kvartální""",,0,Doručení,"""Zásilkovnou""",,0,,,,,,,,,,,,,,,,,,,,,
4145,variation,,,"Kávové předplatné - čerstvě a praženě",1,0,visible,,,,,taxable,parent,1,,,0,0,500,,,,0,,"1951,3125",4188,,,,,,,id:4070,,,,,,41,,,,,,,,,,,,,,,,,,1,,,,"Odrůda kávy","""Blend – Arara & Santos\, Brazílie""",,0,Hmotnost,"""500g""",,0,,,,,,,,,,,,,,,,,,,,,,,,,,,,,,,,,,,,,Předplatné,"""Roční""",,0,Doručení,"""Osobně""",,0,,,,,,,,,,,,,,,,,,,,,
4146,variation,,,"Kávové předplatné - čerstvě a praženě",1,0,visible,,,,,taxable,parent,1,,,0,0,500,,,,0,,"2519,4375",5256,,,,,,,id:4070,,,,,,42,,,,,,,,,,,,,,,,,,1,,,,"Odrůda kávy","""Blend – Arara & Santos\, Brazílie""",,0,Hmotnost,"""500g""",,0,,,,,,,,,,,,,,,,,,,,,,,,,,,,,,,,,,,,,Předplatné,"""Roční""",,0,Doručení,"""Zásilkovnou""",,0,,,,,,,,,,,,,,,,,,,,,
4149,variation,,,"Kávové předplatné - čerstvě a praženě",1,0,visible,,,,,taxable,parent,1,,,0,0,1000,,,,0,,"1011,9375",1917,,,,,,,id:4070,,,,,,43,,,,,,,,,,,,,,,,,,1,,,,"Odrůda kávy","""Blend – Arara & Santos\, Brazílie""",,0,Hmotnost,"""1000g""",,0,,,,,,,,,,,,,,,,,,,,,,,,,,,,,,,,,,,,,Předplatné,"""Kvartální""",,0,Doručení,"""Osobně""",,0,,,,,,,,,,,,,,,,,,,,,
4150,variation,,,"Kávové předplatné - čerstvě a praženě",1,0,visible,,,,,taxable,parent,1,,,0,0,1000,,,,0,,"1152,5625",2187,,,,,,,id:4070,,,,,,44,,,,,,,,,,,,,,,,,,1,,,,"Odrůda kávy","""Blend – Arara & Santos\, Brazílie""",,0,Hmotnost,"""1000g""",,0,,,,,,,,,,,,,,,,,,,,,,,,,,,,,,,,,,,,,Předplatné,"""Kvartální""",,0,Doručení,"""Zásilkovnou""",,0,,,,,,,,,,,,,,,,,,,,,
4151,variation,,,"Kávové předplatné - čerstvě a praženě",1,0,visible,,,,,taxable,parent,1,,,0,0,1000,,,,0,,"3773,8125",7668,,,,,,,id:4070,,,,,,45,,,,,,,,,,,,,,,,,,1,,,,"Odrůda kávy","""Blend – Arara & Santos\, Brazílie""",,0,Hmotnost,"""1000g""",,0,,,,,,,,,,,,,,,,,,,,,,,,,,,,,,,,,,,,,Předplatné,"""Roční""",,0,Doručení,"""Osobně""",,0,,,,,,,,,,,,,,,,,,,,,
4152,variation,,,"Kávové předplatné - čerstvě a praženě",1,0,visible,,,,,taxable,parent,1,,,0,0,1000,,,,0,,"4358,8125",8748,,,,,,,id:4070,,,,,,46,,,,,,,,,,,,,,,,,,1,,,,"Odrůda kávy","""Blend – Arara & Santos\, Brazílie""",,0,Hmotnost,"""1000g""",,0,,,,,,,,,,,,,,,,,,,,,,,,,,,,,,,,,,,,,Předplatné,"""Roční""",,0,Doručení,"""Zásilkovnou""",,0,,,,,,,,,,,,,,,,,,,,,
4155,variation,,,"Kávové předplatné - čerstvě a praženě",1,0,visible,,,,,taxable,parent,1,,,0,0,250,,,,0,,"303,1875",567,,,,,,,id:4070,,,,,,47,,,,,,,,,,,,,,,,,,1,,,,"Odrůda kávy","""Fazenda – Olhos D'Água\, Brazílie""",,0,Hmotnost,"""250g""",,0,,,,,,,,,,,,,,,,,,,,,,,,,,,,,,,,,,,,,Předplatné,"""Kvartální""",,0,Doručení,"""Osobně""",,0,,,,,,,,,,,,,,,,,,,,,
4156,variation,,,"Kávové předplatné - čerstvě a praženě",1,0,visible,,,,,taxable,parent,1,,,0,0,250,,,,0,,"443,8125",834,,,,,,,id:4070,,,,,,48,,,,,,,,,,,,,,,,,,1,,,,"Odrůda kávy","""Fazenda – Olhos D'Água\, Brazílie""",,0,Hmotnost,"""250g""",,0,,,,,,,,,,,,,,,,,,,,,,,,,,,,,,,,,,,,,Předplatné,"""Kvartální""",,0,Doručení,"""Zásilkovnou""",,0,,,,,,,,,,,,,,,,,,,,,
4157,variation,,,"Kávové předplatné - čerstvě a praženě",1,0,visible,,,,,taxable,parent,1,,,0,0,250,,,,0,,"1073,8125",2268,,,,,,,id:4070,,,,,,49,,,,,,,,,,,,,,,,,,1,,,,"Odrůda kávy","""Fazenda – Olhos D'Água\, Brazílie""",,0,Hmotnost,"""250g""",,0,,,,,,,,,,,,,,,,,,,,,,,,,,,,,,,,,,,,,Předplatné,"""Roční""",,0,Doručení,"""Osobně""",,0,,,,,,,,,,,,,,,,,,,,,
4158,variation,,,"Kávové předplatné - čerstvě a praženě",1,0,visible,,,,,taxable,parent,1,,,0,0,250,,,,0,,"1625,0625",3336,,,,,,,id:4070,,,,,,50,,,,,,,,,,,,,,,,,,1,,,,"Odrůda kávy","""Fazenda – Olhos D'Água\, Brazílie""",,0,Hmotnost,"""250g""",,0,,,,,,,,,,,,,,,,,,,,,,,,,,,,,,,,,,,,,Předplatné,"""Roční""",,0,Doručení,"""Zásilkovnou""",,0,,,,,,,,,,,,,,,,,,,,,
4161,variation,,,"Kávové předplatné - čerstvě a praženě",1,0,visible,,,,,taxable,parent,1,,,0,0,500,,,,0,,"556,3125",1047,,,,,,,id:4070,,,,,,51,,,,,,,,,,,,,,,,,,1,,,,"Odrůda kávy","""Fazenda – Olhos D'Água\, Brazílie""",,0,Hmotnost,"""500g""",,0,,,,,,,,,,,,,,,,,,,,,,,,,,,,,,,,,,,,,Předplatné,"""Kvartální""",,0,Doručení,"""Osobně""",,0,,,,,,,,,,,,,,,,,,,,,
4162,variation,,,"Kávové předplatné - čerstvě a praženě",1,0,visible,,,,,taxable,parent,1,,,0,0,500,,,,0,,"696,9375",1314,,,,,,,id:4070,,,,,,52,,,,,,,,,,,,,,,,,,1,,,,"Odrůda kávy","""Fazenda – Olhos D'Água\, Brazílie""",,0,Hmotnost,"""500g""",,0,,,,,,,,,,,,,,,,,,,,,,,,,,,,,,,,,,,,,Předplatné,"""Kvartální""",,0,Doručení,"""Zásilkovnou""",,0,,,,,,,,,,,,,,,,,,,,,
4163,variation,,,"Kávové předplatné - čerstvě a praženě",1,0,visible,,,,,taxable,parent,1,,,0,0,500,,,,0,,"1951,3125",4188,,,,,,,id:4070,,,,,,53,,,,,,,,,,,,,,,,,,1,,,,"Odrůda kávy","""Fazenda – Olhos D'Água\, Brazílie""",,0,Hmotnost,"""500g""",,0,,,,,,,,,,,,,,,,,,,,,,,,,,,,,,,,,,,,,Předplatné,"""Roční""",,0,Doručení,"""Osobně""",,0,,,,,,,,,,,,,,,,,,,,,
4164,variation,,,"Kávové předplatné - čerstvě a praženě",1,0,visible,,,,,taxable,parent,1,,,0,0,500,,,,0,,"2519,4375",5256,,,,,,,id:4070,,,,,,54,,,,,,,,,,,,,,,,,,1,,,,"Odrůda kávy","""Fazenda – Olhos D'Água\, Brazílie""",,0,Hmotnost,"""500g""",,0,,,,,,,,,,,,,,,,,,,,,,,,,,,,,,,,,,,,,Předplatné,"""Roční""",,0,Doručení,"""Zásilkovnou""",,0,,,,,,,,,,,,,,,,,,,,,
4167,variation,,,"Kávové předplatné - čerstvě a praženě",1,0,visible,,,,,taxable,parent,0,,,0,0,1000,,,,0,,"1011,9375",1917,,,,,,,id:4070,,,,,,13,,,,,,,,,,,,,,,,,,1,,,,"Odrůda kávy","""Fazenda – Olhos D'Água\, Brazílie""",,0,Hmotnost,"""1000g""",,0,,,,,,,,,,,,,,,,,,,,,,,,,,,,,,,,,,,,,Předplatné,"""Kvartální""",,0,Doručení,"""Osobně""",,0,,,,,,,,,,,,,,,,,,,,,
4168,variation,,,"Kávové předplatné - čerstvě a praženě",1,0,visible,,,,,taxable,parent,1,,,0,0,1000,,,,0,,"1152,5625",2184,,,,,,,id:4070,,,,,,14,,,,,,,,,,,,,,,,,,1,,,,"Odrůda kávy","""Fazenda – Olhos D'Água\, Brazílie""",,0,Hmotnost,"""1000g""",,0,,,,,,,,,,,,,,,,,,,,,,,,,,,,,,,,,,,,,Předplatné,"""Kvartální""",,0,Doručení,"""Zásilkovnou""",,0,,,,,,,,,,,,,,,,,,,,,
4169,variation,,,"Kávové předplatné - čerstvě a praženě",1,0,visible,,,,,taxable,parent,1,,,0,0,1000,,,,0,,"3773,8125",7668,,,,,,,id:4070,,,,,,15,,,,,,,,,,,,,,,,,,1,,,,"Odrůda kávy","""Fazenda – Olhos D'Água\, Brazílie""",,0,Hmotnost,"""1000g""",,0,,,,,,,,,,,,,,,,,,,,,,,,,,,,,,,,,,,,,Předplatné,"""Roční""",,0,Doručení,"""Osobně""",,0,,,,,,,,,,,,,,,,,,,,,
4170,variation,,,"Kávové předplatné - čerstvě a praženě",1,0,visible,,,,,taxable,parent,1,,,0,0,1000,,,,0,,"4358,8125",8748,,,,,,,id:4070,,,,,,16,,,,,,,,,,,,,,,,,,1,,,,"Odrůda kávy","""Fazenda – Olhos D'Água\, Brazílie""",,0,Hmotnost,"""1000g""",,0,,,,,,,,,,,,,,,,,,,,,,,,,,,,,,,,,,,,,Předplatné,"""Roční""",,0,Doručení,"""Zásilkovnou""",,0,,,,,,,,,,,,,,,,,,,,,
4171,variation,,,"Kávové předplatné - čerstvě a praženě",1,0,visible,,,,,taxable,parent,0,,,0,0,1000,,,,0,,"2232,5625",4374,,,,,,,id:4070,,,,,,1,,,,,,,,,,,,,,,,,,1,,,,"Odrůda kávy","""Blend – Arara & Santos\, Brazílie""",,0,Hmotnost,"""1000g""",,0,,,,,,,,,,,,,,,,,,,,,,,,,,,,,,,,,,,,,Předplatné,"""Půlroční""",,0,Doručení,"""Zásilkovnou""",,0,,,,,,,,,,,,,,,,,,,,,
4172,variation,,,"Kávové předplatné - čerstvě a praženě",1,0,visible,,,,,taxable,parent,0,,,0,0,1000,,,,0,,"1956,9375",3834,,,,,,,id:4070,,,,,,2,,,,,,,,,,,,,,,,,,1,,,,"Odrůda kávy","""Blend – Arara & Santos\, Brazílie""",,0,Hmotnost,"""1000g""",,0,,,,,,,,,,,,,,,,,,,,,,,,,,,,,,,,,,,,,Předplatné,"""Půlroční""",,0,Doručení,"""Osobně""",,0,,,,,,,,,,,,,,,,,,,,,
4173,variation,,,"Kávové předplatné - čerstvě a praženě",1,0,visible,,,,,taxable,parent,0,,,0,0,500,,,,0,,"1287,5625",2628,,,,,,,id:4070,,,,,,3,,,,,,,,,,,,,,,,,,1,,,,"Odrůda kávy","""Blend – Arara & Santos\, Brazílie""",,0,Hmotnost,"""500g""",,0,,,,,,,,,,,,,,,,,,,,,,,,,,,,,,,,,,,,,Předplatné,"""Půlroční""",,0,Doručení,"""Zásilkovnou""",,0,,,,,,,,,,,,,,,,,,,,,
4174,variation,,,"Kávové předplatné - čerstvě a praženě",1,0,visible,,,,,taxable,parent,0,,,0,0,500,,,,0,,"1045,6875",2094,,,,,,,id:4070,,,,,,4,,,,,,,,,,,,,,,,,,1,,,,"Odrůda kávy","""Blend – Arara & Santos\, Brazílie""",,0,Hmotnost,"""500g""",,0,,,,,,,,,,,,,,,,,,,,,,,,,,,,,,,,,,,,,Předplatné,"""Půlroční""",,0,Doručení,"""Osobně""",,0,,,,,,,,,,,,,,,,,,,,,
4175,variation,,,"Kávové předplatné - čerstvě a praženě",1,0,visible,,,,,taxable,parent,0,,,0,0,250,,,,0,,"848,8125",1668,,,,,,,id:4070,,,,,,5,,,,,,,,,,,,,,,,,,1,,,,"Odrůda kávy","""Blend – Arara & Santos\, Brazílie""",,0,Hmotnost,"""250g""",,0,,,,,,,,,,,,,,,,,,,,,,,,,,,,,,,,,,,,,Předplatné,"""Půlroční""",,0,Doručení,"""Zásilkovnou""",,0,,,,,,,,,,,,,,,,,,,,,
4176,variation,,,"Kávové předplatné - čerstvě a praženě",1,0,visible,,,,,taxable,parent,0,,,0,0,250,,,,0,,"573,1875",1134,,,,,,,id:4070,,,,,,6,,,,,,,,,,,,,,,,,,1,,,,"Odrůda kávy","""Blend – Arara & Santos\, Brazílie""",,0,Hmotnost,"""250g""",,0,,,,,,,,,,,,,,,,,,,,,,,,,,,,,,,,,,,,,Předplatné,"""Půlroční""",,0,Doručení,"""Osobně""",,0,,,,,,,,,,,,,,,,,,,,,
4177,variation,,,"Kávové předplatné - čerstvě a praženě",1,0,visible,,,,,taxable,parent,0,,,0,0,1000,,,,0,,"2232,5625",4374,,,,,,,id:4070,,,,,,0,,,,,,,,,,,,,,,,,,1,,,,"Odrůda kávy","""Fazenda – Olhos D'Água\, Brazílie""",,0,Hmotnost,"""1000g""",,0,,,,,,,,,,,,,,,,,,,,,,,,,,,,,,,,,,,,,Předplatné,"""Půlroční""",,0,Doručení,"""Zásilkovnou""",,0,,,,,,,,,,,,,,,,,,,,,
4178,variation,,,"Kávové předplatné - čerstvě a praženě",1,0,visible,,,,,taxable,parent,0,,,0,0,1000,,,,0,,"1956,9375",3834,,,,,,,id:4070,,,,,,0,,,,,,,,,,,,,,,,,,1,,,,"Odrůda kávy","""Fazenda – Olhos D'Água\, Brazílie""",,0,Hmotnost,"""1000g""",,0,,,,,,,,,,,,,,,,,,,,,,,,,,,,,,,,,,,,,Předplatné,"""Půlroční""",,0,Doručení,"""Osobně""",,0,,,,,,,,,,,,,,,,,,,,,
4179,variation,,,"Kávové předplatné - čerstvě a praženě",1,0,visible,,,,,taxable,parent,0,,,0,0,500,,,,0,,"1287,5625",2628,,,,,,,id:4070,,,,,,0,,,,,,,,,,,,,,,,,,1,,,,"Odrůda kávy","""Fazenda – Olhos D'Água\, Brazílie""",,0,Hmotnost,"""500g""",,0,,,,,,,,,,,,,,,,,,,,,,,,,,,,,,,,,,,,,Předplatné,"""Půlroční""",,0,Doručení,"""Zásilkovnou""",,0,,,,,,,,,,,,,,,,,,,,,
4180,variation,,,"Kávové předplatné - čerstvě a praženě",1,0,visible,,,,,taxable,parent,1,,,0,0,500,,,,0,,"1045,6875",2094,,,,,,,id:4070,,,,,,0,,,,,,,,,,,,,,,,,,1,,,,"Odrůda kávy","""Fazenda – Olhos D'Água\, Brazílie""",,0,Hmotnost,"""500g""",,0,,,,,,,,,,,,,,,,,,,,,,,,,,,,,,,,,,,,,Předplatné,"""Půlroční""",,0,Doručení,"""Osobně""",,0,,,,,,,,,,,,,,,,,,,,,
4181,variation,,,"Kávové předplatné - čerstvě a praženě",1,0,visible,,,,,taxable,parent,1,,,0,0,250,,,,0,,"848,8125",1668,,,,,,,id:4070,,,,,,0,,,,,,,,,,,,,,,,,,1,,,,"Odrůda kávy","""Fazenda – Olhos D'Água\, Brazílie""",,0,Hmotnost,"""250g""",,0,,,,,,,,,,,,,,,,,,,,,,,,,,,,,,,,,,,,,Předplatné,"""Půlroční""",,0,Doručení,"""Zásilkovnou""",,0,,,,,,,,,,,,,,,,,,,,,
4182,variation,,,"Kávové předplatné - čerstvě a praženě",1,0,visible,,,,,taxable,parent,0,,,0,0,250,,,,0,,"573,1875",1134,,,,,,,id:4070,,,,,,0,,,,,,,,,,,,,,,,,,1,,,,"Odrůda kávy","""Fazenda – Olhos D'Água\, Brazílie""",,0,Hmotnost,"""250g""",,0,,,,,,,,,,,,,,,,,,,,,,,,,,,,,,,,,,,,,Předplatné,"""Půlroční""",,0,Doručení,"""Osobně""",,0,,,,,,,,,,,,,,,,,,,,,
4186,variable,kava_brazilie-2,,"Zrnková káva Blend - Arara & Santos, Brazílie",1,0,visible,"<p style=""text-align: justify;"">Plná a silná chuť s tóny hořké čokolády, ořechů a datlí, kyselu chuť zde příliš nehledej. Perfektní pro milovníky hutného espressa nebo cappuccina.</p>","<p style=""text-align: justify;"" data-start=""993"" data-end=""1191"">Blend tvoří dvě špičkové brazilské složky: výrazná odrůda <strong data-start=""1051"" data-end=""1060"">Arara</strong> a legendární <strong data-start=""1074"" data-end=""1084"">Santos</strong>. Káva roste v nadmořské výšce až <strong data-start=""1118"" data-end=""1134"">1250 m n. m.</strong>, kde získává pevný základ v chuti i příjemně hutné tělo.</p>\n<p style=""text-align: justify;"" data-start=""1193"" data-end=""1460"">? V šálku ucítíte <strong data-start=""1212"" data-end=""1272"">pražené lískové oříšky, hořkou čokoládu a nasládlé datle</strong>. Chuť je intenzivní, ale stále hladká - přesně taková, jakou očekáváte od pořádného espressa. Díky svému robustnímu profilu snese i mléko, takže je ideální pro cappuccino nebo flat white.</p>\n<p style=""text-align: justify;"" data-start=""1462"" data-end=""1692"">? Tento blend je určen pro ty, kdo chtějí poctivý chuťový zážitek s charakterem. Ocení ho jak domácí baristé, tak ti, co si chtějí ráno dopřát kávu s pořádným základem. Není to kompromis - je to síla, elegance a hloubka v jednom.</p>",,,taxable,,1,,,0,0,1000,,,,1,,0,,"Pražená káva, Pražená káva > Zrnková káva",kava,,https://www.suseneprazene.cz/wp-content/uploads/2025/10/AraraSAntos-1.jpg,,,,,,,,,0,,,,,,,,,,,classic-editor,default,0,"2024-02-22 08:07:42",980,0,,1,no,,,"Detailní informace","Chuťový profil: plné tělo s tóny tmavé čokolády\, karamelizovaných oříšků\, pražených datlí a lehkého doteku koření
Země původu: Brazílie
Region: Sul de Minas & Cerrado Mineiro
Farma: výběrový blend ze dvou oblastí
Farmář/ka: různí malopěstitelé
Nadmořská výška: 1030–1250 m n. m.
Odrůda: Arara\, Santos (směs Bourbon typica)
Zpracování: Natural (sušené na slunci)
Screen: 16/18
Cupping Score: 83
Crop: 23/24",1,0,Varianty,"""75g"", ""250g"", ""500g"", ""1000g""",0,0,classic-editor,,,,"Detailní informace:Chuťový profil: plné tělo s tóny tmavé čokolády, karamelizovaných oříšků, pražených datlí a lehkého doteku koření
Země původu: Brazílie
Region: Sul de Minas & Cerrado Mineiro
Farma: výběrový blend ze dvou oblastí
Farmář/ka: různí malopěstitelé
Nadmořská výška: 1030–1250 m n. m.
Odrůda: Arara, Santos (směs Bourbon typica)
Zpracování: Natural (sušené na slunci)
Screen: 16/18
Cupping Score: 83
Crop: 23/24","Varianty:""250g""",,,,no,"Varianty:""500g""","Varianty:""1000g""",,,,,,,,,,,,,,,,,,,,,,,,,,,,,,,,,,,,,,,,,,,,,,,,,,,,,"""1000g"""
4187,variation,,,"Zrnková káva Blend - Arara & Santos, Brazílie - ""250g""",1,0,visible,,,,,taxable,parent,1,,,0,0,250,,,,0,,0,189,,,,,,,kava_brazilie-2,,,,,,2,,,,,,,,,,,,,,,,,,1,,,,Varianty,"""250g""",,0,,,,,,,,,,,,,,,,,,,,,,,,,,,,,,,,,,,,,,,,,,,,,,,,,,,,,,,,,,,,,,,,,,,,,
4188,variation,,,"Zrnková káva Blend - Arara & Santos, Brazílie - ""500g""",1,0,visible,,,,,taxable,parent,1,,,0,0,500,,,,0,,0,349,,,,,,,kava_brazilie-2,,,,,,3,,,,,,,,,,,,,,,,,,1,,,,Varianty,"""500g""",,0,,,,,,,,,,,,,,,,,,,,,,,,,,,,,,,,,,,,,,,,,,,,,,,,,,,,,,,,,,,,,,,,,,,,,
4189,variation,,,"Zrnková káva Blend - Arara & Santos, Brazílie - ""1000g""",1,0,visible,,,,,taxable,parent,1,,,0,0,,,,,0,,0,639,,,,,,,kava_brazilie-2,,,,,,4,,,,,,,,,,,,,,,,,,1,,,,Varianty,"""1000g""",,0,,,,,,,,,,,,,,,,,,,,,,,,,,,,,,,,,,,,,,,,,,,,,,,,,,,,,,,,,,,,,,,,,,,,,
4192,variable,kava_brazilie-2-1,,"Zrnková káva Fazenda – Olhos D’água, Brazílie",1,0,visible,"<p style=""text-align: justify;"">Jemná a aromatická káva s tóny karamelu, žlutého ovoce a lehké citrusové svěžesti, chuť je mírně kyselá.</p>","<p style=""text-align: justify;"" data-start=""1745"" data-end=""2001"">Káva z farmy <strong data-start=""1758"" data-end=""1774"">Olhos D’água</strong> je důkazem, že Brazílie umí nabídnout i jemnější a aromatičtější profily. Odrůda <strong data-start=""1856"" data-end=""1866"">Catuai</strong> farmáře Paulo Toledo Campos, pěstovaná v nadmořské výšce <strong data-start=""1895"" data-end=""1911"">1050 m n. m.</strong> zde získává jemnou ovocnost a čistotu díky šetrnému zpracování a důrazu na kvalitu sběru.</p>\n<p style=""text-align: justify;"" data-start=""2003"" data-end=""2210"">? V šálku rozpoznáte <strong data-start=""2025"" data-end=""2074"">karamel, žluté ovoce a lehký citrusový nádech</strong>, který dodává kávě svěží rovinu.</p>\n<p style=""text-align: justify;"" data-start=""2212"" data-end=""2425"">? Tahle káva je lehká, osvěžující a zároveň přirozeně sladká – připomíná letní ráno s otevřeným oknem. Nadchne všechny, kdo hledají něco modernějšího, jemnějšího, bez těžkosti, ale s krásnou aromatickou hloubkou.</p>",,,taxable,,1,,,0,0,1000,,,,1,,0,,"Pražená káva, Pražená káva > Zrnková káva",kava,,https://www.suseneprazene.cz/wp-content/uploads/2025/10/Olhos-Dagua-1.jpg,,,,,,,,,0,,,,,,,,,,,classic-editor,default,0,"2024-02-22 08:07:42",968,0,,1,no,,,"Detailní informace","Chuťový profil: jemné tóny karamelu\, žlutého melounu a citrusové svěžesti; sladké tělo s lehkou aciditou
Země původu: Brazílie
Region: Chapada de Minas
Farma: Fazenda Olhos D’água
Farmář/ka: Paulo Toledo Campos
Nadmořská výška: 1050 m n. m.
Odrůda: Catuai
Zpracování: Pulped natural
Cupping Score: 81\,5
Crop: 24/25",1,0,Varianty,"""75g"", ""250g"", ""500g"", ""1000g""",0,0,classic-editor,,,,"Detailní informace:Chuťový profil: jemné tóny karamelu, žlutého melounu a citrusové svěžesti; sladké tělo s lehkou aciditou
Země původu: Brazílie
Region: Chapada de Minas
Farma: Fazenda Olhos D’água
Farmář/ka: Rodina Barbosa
Nadmořská výška: 1050 m n. m.
Odrůda: Catuai
Zpracování: Pulped natural
Screen: 16+
Cupping Score: 84
Crop: 23/24","Varianty:""250g""",,,,no,"Varianty:""500g""","Varianty:""1000g""",,,,,,,,,,,,,,,,,,,,,,,,,,,,,,,,,,,,,,,,,,,,,,,,,,,,,"""1000g"""
4193,variation,,,"Zrnková káva Fazenda – Olhos D’água, Brazílie - ""250g""",1,0,visible,,,,,taxable,parent,1,,,0,0,250,,,,0,,0,189,,,,,,,kava_brazilie-2-1,,,,,,2,,,,,,,,,,,,,,,,,,1,,,,Varianty,"""250g""",,0,,,,,,,,,,,,,,,,,,,,,,,,,,,,,,,,,,,,,,,,,,,,,,,,,,,,,,,,,,,,,,,,,,,,,
4194,variation,,,"Zrnková káva Fazenda – Olhos D’água, Brazílie - ""500g""",1,0,visible,,,,,taxable,parent,1,,,0,0,500,,,,0,,0,349,,,,,,,kava_brazilie-2-1,,,,,,3,,,,,,,,,,,,,,,,,,1,,,,Varianty,"""500g""",,0,,,,,,,,,,,,,,,,,,,,,,,,,,,,,,,,,,,,,,,,,,,,,,,,,,,,,,,,,,,,,,,,,,,,,
4195,variation,,,"Zrnková káva Fazenda – Olhos D’água, Brazílie - ""1000g""",1,0,visible,,,,,taxable,parent,1,,,0,0,,,,,0,,0,639,,,,,,,kava_brazilie-2-1,,,,,,4,,,,,,,,,,,,,,,,,,1,,,,Varianty,"""1000g""",,0,,,,,,,,,,,,,,,,,,,,,,,,,,,,,,,,,,,,,,,,,,,,,,,,,,,,,,,,,,,,,,,,,,,,,
4202,simple,,,"Degustační balíček kávy",1,0,visible,"<p style=""text-align: justify;"" data-start=""317"" data-end=""507""><strong>Brazilské São Silvestre, Blend Arara&amp;Santos a Olhos D’água. Není nad to ochutnat je všechny!</strong></p>\n<p style=""text-align: justify;"" data-start=""317"" data-end=""507"">Než se pustíš do předplatného, ochutnej všechny tři naše výběrové kávy a najdi pro sebe tu pravou.<br data-start=""415"" data-end=""418"" />A pokud si do jednoho měsíce od nákupu degustačního balíčku objednáš Kávu si předplatím – čerstvě a praženě v libovolné kombinaci, cenu balíčku ti odečtu z předplatného!</p>\n<p style=""text-align: justify;"" data-start=""317"" data-end=""507"">Čti více informací v Dalších informací u popisu produktu ;)</p>","<p style=""text-align: justify;"" data-start=""540"" data-end=""758"">Není nad to ochutnat je všechny! A proto jsme s klukama z @atypica připravili degustační balíček tří našich stálic – výběrových arabik z Brazílie, které reprezentují různé chuťové směry. Od sladké klasiky přes hutné espresso až po jemně ovocný filtr.</p>\n<p style=""text-align: justify;"" data-start=""760"" data-end=""804"">Každý balíček obsahuje 3 vzorky po <strong data-start=""795"" data-end=""803"">75 g</strong>:</p>\n\n<ul style=""text-align: justify;"" data-start=""805"" data-end=""905"">\n 	<li data-start=""805"" data-end=""859"">\n<p data-start=""807"" data-end=""859"">ideální množství pro několik šálků (a více příprav),</p>\n</li>\n 	<li data-start=""860"" data-end=""905"">\n<p data-start=""862"" data-end=""905"">skvělé na testování doma i jako malý dárek.</p>\n</li>\n</ul>\n<p style=""text-align: justify;"" data-start=""907"" data-end=""1135"">Když se ti některá z káv zalíbí (a věřím, že ano), stačí si do <strong data-start=""971"" data-end=""1010"">30 dnů objednat jakékoli předplatné</strong>, a my ti <strong data-start=""1020"" data-end=""1076"">odečteme cenu ochutnávkového balíčku z první zásilky</strong>.</p>\n<p style=""text-align: justify;"" data-start=""907"" data-end=""1135"">Takže vlastně degustačka zadarmo – když si najdeš tu svou.</p>\n\n\n<hr data-start=""1137"" data-end=""1140"" />\n\n<h2 style=""text-align: justify;"" data-start=""1142"" data-end=""1170""><strong data-start=""1148"" data-end=""1170"">Co přesně ochutnáš</strong></h2>\n<div class=""_tableContainer_16hzy_1"" style=""text-align: justify;"">\n<div class=""_tableWrapper_16hzy_14 group flex w-fit flex-col-reverse"" tabindex=""-1"">\n<table class=""w-fit min-w-(--thread-content-width)"" data-start=""1172"" data-end=""1859"">\n<thead data-start=""1172"" data-end=""1307"">\n<tr data-start=""1172"" data-end=""1307"">\n<th data-start=""1172"" data-end=""1197"" data-col-size=""sm"">Název kávy</th>\n<th data-start=""1197"" data-end=""1278"" data-col-size=""md"">Chuťový profil</th>\n<th data-start=""1278"" data-end=""1307"" data-col-size=""sm"">Styl přípravy</th>\n</tr>\n</thead>\n<tbody data-start=""1445"" data-end=""1859"">\n<tr data-start=""1445"" data-end=""1581"">\n<td data-start=""1445"" data-end=""1470"" data-col-size=""sm""><strong data-start=""1447"" data-end=""1464"">São Silvestre</strong></td>\n<td data-col-size=""md"" data-start=""1470"" data-end=""1551"">smetanová chuť karamelu, perníku, lískových oříšků a mléčné čokolády</td>\n<td data-col-size=""sm"" data-start=""1551"" data-end=""1581"">klasika, espresso, moka</td>\n</tr>\n<tr data-start=""1582"" data-end=""1722"">\n<td data-start=""1582"" data-end=""1607"" data-col-size=""sm""><strong data-start=""1584"" data-end=""1606"">Blend Arara&amp;Santos</strong></td>\n<td data-start=""1607"" data-end=""1689"" data-col-size=""md"">plné tělo, hořká čokoláda, lískové oříšky, datle</td>\n<td data-col-size=""sm"" data-start=""1689"" data-end=""1722"">silnější espresso, cappuccino</td>\n</tr>\n<tr data-start=""1723"" data-end=""1859"">\n<td data-start=""1723"" data-end=""1748"" data-col-size=""sm""><strong data-start=""1725"" data-end=""1741"">Olhos D’água</strong></td>\n<td data-start=""1748"" data-end=""1829"" data-col-size=""md"">karamel, žlutý meloun, lehká citrusová svěžest</td>\n<td data-col-size=""sm"" data-start=""1829"" data-end=""1859"">filtrované kávy, AeroPress</td>\n</tr>\n</tbody>\n</table>\n<div class=""sticky end-(--thread-content-margin) h-0 self-end select-none"">\n<div class=""absolute end-0 flex items-end""></div>\n</div>\n</div>\n</div>\n\n<hr data-start=""1861"" data-end=""1864"" />\n\n<h2 style=""text-align: justify;"" data-start=""1866"" data-end=""1893"">Doporučení k použití:</h2>\n<p style=""text-align: justify;"" data-start=""1894"" data-end=""2029"">Ochutnej všechny tři způsoby přípravy – <strong data-start=""1934"" data-end=""1975"">espresso, moka, V60 nebo french press</strong> – a najdi si nejen svou příchuť, ale i oblíbený styl.</p>\n<p style=""text-align: justify;"" data-start=""2031"" data-end=""2183"">Když k tomu přidáš pravidelné předplatné, můžeš mít doma každý měsíc právě tu kávu, která ti sedla nejvíc – <a href=""https://www.suseneprazene.cz/produkt/predplatne-kavy/"">a díky ochutnávce ji získáš ještě výhodněji.</a></p>",,,taxable,,1,,,0,0,225,,,,1,,0,119,"Pražená káva > Předplatné kávy, Pražená káva > Zrnková káva",kava,,https://www.suseneprazene.cz/wp-content/uploads/2025/10/degustace.jpg,,,,,id:4070,,,,0,,,,,,,,,,,,default,0,,329,,,1,no,,,"Podmínky pro vrácení peněz za nákup degustačního balíčku","Za nákup degustačního balíčku obdržíš kupon s platností 1 měsíc od data objednání\, který můžeš uplatnit na nákup Kávu si předplatím – čerstvě a praženě v libovolné kombinaci. Kupon lze obdržet pouze 1x na zákazníka a nelze jej uplatnit na jiný produkt.
Při zakoupení více degustačních balíčku lze slevu uplatnit pouze na jedno předplatné.",1,0,,,,,classic-editor,,,,"Podmínky pro vrácení peněz za nákup degustačního balíčku:Za nákup degustačního balíčku obdržíš kupon s platností 1 měsíc od data objednání, který můžeš uplatnit na nákup Kávu si předplatím – čerstvě a praženě v libovolné kombinaci. Kupon lze obdržet pouze 1x na zákazníka a nelze jej uplatnit na jiný produkt.
Při zakoupení více degustačních balíčku lze slevu uplatnit pouze na jedno předplatné.",,,,,no,,,,,,,,,,,,,,,,,,,,,,,,,,,,,,,,,,,,,,,,,,,,,,,,,,,,,,,
4525,variation,,,"Zrnková káva - Brazílie São Silvestre - ""75g""",1,0,visible,,,,,taxable,parent,1,3,,0,0,75,,,,0,,0,59,,,,,,,kava_brazilie,,,,,,1,,,,,,,,,,,,,,,,,,1,,,,Varianty,"""75g""",,0,,,,,,,,,,,,,,,,,,,,,,,,,,,,,,,,,,,,,,,,,,,,,,,,,,,,,,,,,,,,,,,,,,,,,
4526,variation,,,"Zrnková káva Blend - Arara & Santos, Brazílie - ""75g""",1,0,visible,,,,,taxable,parent,1,2,,0,0,,,,,0,,0,59,,,,,,,kava_brazilie-2,,,,,,1,,,,,,,,,,,,,,,,,,1,,,,Varianty,"""75g""",,0,,,,,,,,,,,,,,,,,,,,,,,,,,,,,,,,,,,,,,,,,,,,,,,,,,,,,,,,,,,,,,,,,,,,,
4528,variation,,,"Zrnková káva Fazenda – Olhos D’água, Brazílie - ""75g""",1,0,visible,,,,,taxable,parent,1,4,,0,0,,,,,0,,0,59,,,,,,,kava_brazilie-2-1,,,,,,1,,,,,,,,,,,,,,,,,,1,,,,Varianty,"""75g""",,0,,,,,,,,,,,,,,,,,,,,,,,,,,,,,,,,,,,,,,,,,,,,,,,,,,,,,,,,,,,,,,,,,,,,,
4732,variable,,,"Ethiopie Danche Natural",1,0,visible,"<p style=""text-align: justify;"">Káva z oblasti Yirgacheffe v Etiopii se vyznačuje intenzivními tóny <b>bergamotu, borůvek a jahod</b>. Metoda zpracování ""natural"" jí dodává bohatou sladkost a plné tělo, které si naplno užijete v každém šálku.</p>","<h4 style=""text-align: justify;""><b>Chuťový profil, který si zamilujete</b></h4>\n<p style=""text-align: justify;"">Tato káva z proslulé oblasti <b>Yirgacheffe v Etiopii</b> je opravdovým zážitkem pro vaše smysly. Díky tradiční metodě zpracování ""natural"", kdy se kávové třešně suší celé i s plody, získává káva neuvěřitelně <b>bohatou sladkost a plné tělo</b>. V chuti dominují šťavnaté tóny <b>lesního ovoce</b>, jako jsou <b>borůvky a jahody</b>, které doplňuje výrazné aroma <b>bergamotu</b>. Je to jemná, ovocná a sladká káva s jasnou, ale příjemnou aciditou.</p>\n\n<h4 style=""text-align: justify;""><b>Kvalita od lokálních mistrů z Jablonce</b></h4>\n<p style=""text-align: justify;"">Za touto výjimečnou chutí stojí přátelé z pražírny <b>ATYPIKA z Jablonce nad Nisou</b>. Jakub a Honza Sejkorovi vkládají do každé pražené várky svou vášeň a pečlivost. Spolupracuji s nimi, protože vím, že dělají fakt skvělou kávu a zaslouží si uznání. S každým šálkem tak podpoříte lokální řemeslo a vychutnáte si chuť, která je výsledkem poctivé práce a zkušeností.</p>\n<p style=""text-align: justify;"">Tato káva je ideální pro přípravu <b>DripBagů</b>, kde naplno vynikne její komplexní chuť a aroma. Užijte si jedinečný zážitek v pohodlí domova nebo na cestách!</p>\n<p style=""text-align: justify;"">A tady je jednoduchý návod:</p>\n<p style=""text-align: justify;""><img class=""alignnone size-medium wp-image-4738"" src=""https://www.suseneprazene.cz/wp-content/uploads/2025/09/f7f639a8-27e6-4370-be21-ef645efdb4f2-1-300x200.png"" alt="""" width=""300"" height=""200"" /></p>\n<p style=""text-align: justify;""></p>",,,taxable,,1,5,,0,0,12,,,,1,,0,,"Pražená káva > DripBagy","dripbag, kava",,https://www.suseneprazene.cz/wp-content/uploads/2025/10/dripbagy-1.png,,,,,,,,,0,,,,,,,,,,,,,0,,,,,0,no,,,"Návod na přípravu","1. Otevřete vnější sáček a vyjměte DripBag.
Roztrhněte horní část DripBagu podle naznačené čáry.
Roztáhněte postranní ""ouška"" a pevně je zavěste na okraj hrníčku.
2. Zalijte horkou vodou
Pomalu a rovnoměrně zalijte mletou kávu horkou vodou (ideální teplota je 90–94 °C). Začínejte menším množstvím vody (cca 30 ml)\, aby se káva ""napěnila"".
Počkejte 30 sekund. Tomuto procesu se říká ""blooming"" a pomáhá uvolnit z kávy to nejlepší aroma a chuť.
Následně pomalu dolévejte zbylou horkou vodu\, dokud nedosáhnete požadovaného objemu (150–200 ml).
3. Vychutnejte si
Jakmile všechna voda proteče\, vyjměte DripBag a nechte ho okapat.
Položte DripBag do koše a vychutnejte si svůj šálek kvalitní kávy.

Tip: Pro nejsilnější chuť si kávu připravujte do menšího hrnku (cca 200 ml). Pokud si rádi užíváte slabší kávu\, použijte větší hrnek.",1,0,Varianty,"1ks, 5ks, 10ks, 25ks",1,0,,,,,,,,,,,,,,,,,,,,,,,,,,,,,,,,,,,,,,,,,,,,,,,,,,,,,,,,,,,,,,,,,
4734,variation,,,"Ethiopie Danche Natural - 1ks",1,0,visible,,,,,taxable,parent,1,23,,0,0,,,,,0,,0,34,,,,,,,id:4732,,,,,,1,,,,,,,,,,,,,,,,,,1,,,,Varianty,1ks,,0,,,,,,,,,,,,,,,,,,,,,,,,,,,,,,,,,,,,,,,,,,,,,,,,,,,,,,,,,,,,,,,,,,,,,
4735,variation,,,"Ethiopie Danche Natural - 5ks",1,0,visible,,,,,taxable,parent,1,2,,0,0,,,,,0,,"104,25",169,,,,,,,id:4732,,,,,,2,,,,,,,,,,,,,,,,,,1,,,,Varianty,5ks,,0,,,,,,,,,,,,,,,,,,,,,,,,,,,,,,,,,,,,,,,,,,,,,,,,,,,,,,,,,,,,,,,,,,,,,
4736,variation,,,"Ethiopie Danche Natural - 10ks",1,0,visible,,,,,taxable,parent,1,1,,0,0,,,,,0,,"168,75",339,,,,,,,id:4732,,,,,,3,,,,,,,,,,,,,,,,,,1,,,,Varianty,10ks,,0,,,,,,,,,,,,,,,,,,,,,,,,,,,,,,,,,,,,,,,,,,,,,,,,,,,,,,,,,,,,,,,,,,,,,
4737,variation,,,"Ethiopie Danche Natural - 25ks",1,0,visible,,,,,taxable,parent,1,1,,0,0,,,,,0,,"336,75",849,,,,,,,id:4732,,,,,,4,,,,,,,,,,,,,,,,,,1,,,,Varianty,25ks,,0,,,,,,,,,,,,,,,,,,,,,,,,,,,,,,,,,,,,,,,,,,,,,,,,,,,,,,,,,,,,,,,,,,,,,
4857,simple,,,"Testovací produkt",0,0,visible,,"testovací pro funkce pluginu",,,taxable,,1,32,,0,0,,,,,1,,"55,6875",110,Nezařazené,,,,,,,,,,,,0,,,,,,,,,,,,,0,,,,,0,no,,,,,,,,,,,,,,,,,,,,,,,,,,,,,,,,,,,,,,,,,,,,,,,,,,,,,,,,,,,,,,,,,,,,,,,,,,,
